"ACAH","AEGC","ALCC","ALSB","AMPP","ANAE","ANNS","ANTP","APEM","ARR1","ARR2","ARRV","ASTG","BEIP","BROA","CAL1","CAS3","CELI","CERT","CHRC","CISE","COCP","COMD","CORA","CORB","CORL","COUC","CYDA","DAVN","DENA","DESP","DIPP","DOL1","DOL2","DOLO","DRYS","EUGC","EUGO","FARO","GUA2","GUAD","GUAS","HAM2","HASF","HEIC","HIPV","HIR1","HIRF","HIRG","HIRT","HYBP","INMA","JACC","LONL","LUE1","MACU","MARP","MASH","MASN","MENG","MENL","MOUM","OENM","PARP","PAU1","PAU3","PAUF","PAUR","PAUT","PHRC","PITC","PLAE","PLAP","POUA","POUU","PRIA","PRIC","PROT","PYFU","PYHO","QUA1","RANA","RIN2","SAPG","SCHM","SER1","SERM","SIMA","SORA","SPOM","SPOR","TABA","TABG","TABR","TERA","TERO","TET2","TETD","TETH","THIM","TRAA","TRI1","TRI3","TRIC","TYNC","VIR1","VIR2","ZAN1"
"1",0,0,0,4394.6666666688,0,0,0,0,43,0,0,0,0,0,0,0,0,0,0,0,0,0,0,0,0,0,33,0,0,0,0,11,0,0,0,0,0,19.44,2,0,4,0,7,0,0,26.9428571429,0,0,0,0,0,0,3,0,0,3,0,0,2,0,1,6,0,1,0,0,0,0,0,0,1,1,0,0,0,0,0,0,15,0,1.5828571429,0,0,0,9,0,0,0,0,0,0,0,0,0,0,0,4,0,0,0,2,0,4.7,0,52.8,4,5,0
"2",0,0,0,74663.5555555918,4,0,0,0,4783.88,0,0,0,0,1,0,0,0,0,2,0,0,0,0,3,0,0,13,3,0,0,1,15,0,0,0,0,0,58.32,1,0,16,0,0,0,29,40.3142857143,0,0,0,6,0,1,9,0,41.9975,14,5.2301282052,0,197,1,8,12,2,0,0,0,0,0,0,1,15,10,0,3.5,0,3,0,0,11,5,4.1657142858,0,0,0,7,0,2,0,0,0,0,0,0,0,0,2,16.7231746032,0,14,27.2,22,0,1.7,23,60.4,4,6,0
"3",2,3,13.6666666669,12726.2222222284,3,1,0,0,3609.08,2,0,0,0,1,5,14,0,0,1,0,0,0,0,1,0,3,1,15,0,0,5,0,0,0,0,0,0,2,0,0,38,0,0,0,27,23.9428571429,0,0,0,0,1161,0,6,0,240.9975,35,0,0,1589,0,0,4,2,1,0,16,1,0,40,7,26,4,0,0,0,4,2,1,0,0,0,0,0,0,1,1,209,1,1,0,0,0,7,21,0,17,79.5085714288,3,3,348.16,5,0,2,255,454.6,4,4,1
"4",56,0,550.3333333387,31518.0000000153,0,26,0,0,211,0,0,0,9,6,3,3,0,0,0,0,0,0,19,171,5,37,1,7,0,0,4.9166666667,0,0,0,0,0,0,1,0,0,18,1,0,44.5999999991,0,5.3142857143,0,0,0,1,3,0,1,0,3810.855,13,0,0,299,0,0,3,0,0,0,0,0,0,0,6,33,2,1,3.5,0,10.7,3,1,0,0,1,0,0,0,0,0,243,57,0,0,0,43.875,1,150.3,0,6,18.4463492064,0,0,88.4,3,0,4.7,12,89.4,4,5,0
"5",13,0,442.6666666708,103892.666666717,0,8,0,0,165.16,0,0,0,1,20,678,1,0,0,0,0,0,0,6,43,352,54,0,2,0,12,1,0,0,0,0,0,0,0,0,0,8,70,0,133.9333333306,0,6.3142857143,0,0,0,2,185.9,0,0,0,2665.855,15,0,0,54,0,0,16,0,0,0,0,0,0,1,4,0,1,0,3.5,0,1,0,0,0,0,1.5828571429,0,0,0,0,0,150,4,4,0,0,7,48,5,0,3,5.3615873016,0,0,23.12,0,0,1.7,2,18,0,9,0
"6",1,0,308.3333333385,83246.8888889293,0,2,0,0,0,0,0,0,0,4,236,0,274.5499999983,0,1,0,0,0,0,0,176,16,0,1,0,0,0,0,0,0,0,0,0,0,1,2.85,1,21,0,82.2666666646,0,3,0,0,28,2,0,2,0,0,4824.715,0,4,0,21,0,0,2,9,0,0,0,0,0,0,2,0,0,0,16,0,6.7,0,0,0,0,0,220.8,0,0,0,0,0,0,1,0,0,15,6,0,0,0,31.7231746032,0,0,4.08,1,0,64.3,3,2,0,11,0
"7",1,0,2,113712.000000055,0,0,0,0,0,0,0,0,0,1,157,0,5.3833333333,0,4,0,0,0,0,0,1,0,0,0,0,0,0,0,1.8727272727,0,0,0,3.0625,0,8,0,0,0,0,4.3999999999,0,3,0,0,0,0,0,0,1,0,1345.92,3,1,0,17,0,0,0,10,4,0,0,0,0,1,1,1,0,0,0,32,3,0,17.142857143,0,0,22.828571429,153.8,0,0,0,0,1,0,0,0,0,12,0,0,0,0,4.3615873016,0,41.6,2.72,0,0,168.4,0,2,0,1,0
"8",0,0,0,163243.555555635,0,0,57,1,0,0,0,0,0,0,2,0,21.5333333332,0,30,0,0,0,0,0,0,0,1,0,0,0,0,0,0,0,2.72,0,0,0,45,0,0,0,0,0,0,1,0,0,0,0,0,0,86,0,1007.94,0,0,0,24,0,0,0,19,0,0,0,0,0,0,1,0,0,0,0,8,2,1,10.4285714286,0,0,324.457142861,72.8,0,0,0,0,0,0,0,1,2,0,0,0,0,0,13,0,166.4,2.72,0,0,776.9,2,4,0,0,0
"9",1,0,0,53239.5555555814,0,0,292.2805555556,2,0,0,0,0,0,0,8,0,224.7166666653,0,0,5.56,0,0,0,0,0,0,0,0,0,67.85,7,0,27.8727272727,0,52.72,6,1,0,149,0,0,1,0,0,0,0,0,0,0,0,0,0,460.375,0,209.9875,0,0,0,6,3,1,0,37,17,0,0,0,3,2,33.1571428571,0,0,0,0,0,0,0,0,0,26,92.0742857151,30,0,0,0,0,0,0,0,2,3,0,0,0,0,0,0,0,19.2,2.72,0,0,1180,0,0,0,0,0
"10",0,8.25,0,33120.2222222383,0,0,0,0,0,0,0,0,0,0,0,0,16.1499999999,0,2,0,0,0,0,0,0,0,0,0,0,47.85,6,0,3,0,3,0,0,0,486,0,0,0,0,0,0,2,0,0,0,0,0,0,2,0,0,0,2.6150641026,0,1,1,10,0,1,0,0,0,0,0,0,34.1571428571,0,1,0,2,0,0,0,0,2,90.52,1,0,0,0,0,0,0,0,0,0,2,0,0,0,0,0,0,0,128.4,0,0,0,12,0,0,25,0,0
"11",0,128,0,46464.444444467,0,0,0,0,0,0,0,0,0,0,0,0,10.7666666666,0,0,0,0,5,0,0,0,0,1,0,0,2,0,0,0,0,0,0,0,0,867,0,2,0,0,0,0,11,0,0,0,0,0,0,5,0,0,0,0,0,4,9,5,0,0,0,0,0,0,0,0,2,30,1,0,0,0,0,0,2.4285714286,1,0,0,3,0,0,0,0,0,0,0,0,0,0,0,0,0,0,1,0,62.8,0,0,0,0,0,0,29,0,0
"12",0,30,0,34379.1111111278,0,0,0,1,0,0,0,0,0,0,5,0,0,0,0,0,0,0,0,0,0,0,1,0,0,0,0,3,0,0,0,0,0,0,108,0,13,0,4,0,1,1,0,0,0,0,0,0,1,0,0,0,2.6150641026,0,4,0,1,0,1,2,0,0,0,0,0,0,0,4,0,0,0,0,1,0,2,2,0,0,0,0,3,0,0,0,0,0,0,1,0,0,0,0,41.0847619048,0,0,0,0,0,1,0,1,6,1,0
"13",0,0,0,27260.6666666799,0,0,0,0,117,0,0,0,0,0,1,0,0,0,0,22.12,0,0,0,0,0,0,0,2,0,0,1,27,0,0,0,0,0,0,23,5,30,0,14,0,0,5,0,0,0,0,0,0,2,0,0,3,0,0,0,0,2,3,6,0,0,0,0,0,1,2,0,6,0,0,0,0,1,0,0,0,0,0,0,0,3,0,0,1,0,0,0,0,0,0,7,2,3,0,12.8,0,22,0,0,0,26.4,1,0,0
"14",0,5,0,9613.333333338,0,0,0,0,1556.28,0,0,0,0,0,0,0,0,0,1,86.04,0,0,0,0,1,0,0,4,0,0,4,13,0,0,0,0,0,190.92,5,32.85,67,0,0,0,0,6,0,0,0,4,0,0,0,0,1,4,0,0,549,2,1,19,4,2.5,0,1,0,0,1,0,5,18,1,0,0,6,0,0,0,1,0,36.8,0,0,0,0,0,0,0,0,0,0,0,0,1,6,14,0,1,0,12,0,0,0,0,0,1,0
"15",0,0,4,6637.777777781,11,10,0,0,405.32,0,0,0,0,6,0,1,0,0,0,0,0,0,6,5,0,1,0,3,0,0,1,0,0,0,0,0,0,21.44,0,25,10,0,0,0,0,2,0,0,0,0,0,1,1,0,3200.855,17,0,0,1699,1,5,6,3,2,0,93,0,0,2,0,0,17,0,0,0,4,2,0,0,0,1.5828571429,0,0,0,0,0,45,0,0,0,0,3,0,21,0,1,9,0,25.4,42.16,1,0,0,160,3,4,4,0
"16",0,2.75,35.666666667,1876.8888888898,0,14,0,0,1,0,0,0,0,18,0,0,0,0,0,0,0,0,4,97,5,35,0,27.0833333333,0,0,14,0,0,0,0,0,0,2,0,3,5,0,0,0,0,1,0,0,0,0,68,1,195.375,0,4286.9475,6,2.6150641026,0,157,1,0,0,18,0,0,7,0,0,0,0,2,8,1,0,0,1,6,1,0,1,3.1657142858,0,0,0,0,0,129,16,0,0,0,0,0,222.3,0,0,24.3615873016,0,1,29.92,3,0,0,139,0,0,6,0
"17",0,0,304.3333333374,2380.4444444456,1,15,0,0,1,0,0,0,0,37,0,0,5.3833333333,0,0,0,0,0,21,139,89,51,0,0,0,0,1,0,1,0,0,0,0,1.44,0,0,0,0,0,65.0666666659,0,0,0,0,0,2,485.35,0,0,0,3387.955,3,5.6150641026,0,91,2,0,3,2,0,0,0,0,0,0,0,0,2,0,0,0,0,1,0,0,1,1,10,5,0,3,0,189,4,0,0,0,1,0,4,0,0,5.3615873016,0,8.4,8.16,0,0,3.4,70,0,1,4,0
"18",0,0,571.3333333429,20302.4444444543,0,3,0,0,165.16,0,0,13.6,0,38,237,0,0,1,0,0,0,0,4,1,81,7,0,0,0,0,0,0,2,0,5.16,0,0,0,0,0,2,3,0,177.9333333296,0,0,0,0,0,61,273.3,0,6,0,5021.75,0,48.2301282052,0,30,0,1,2,6,0,0,0,0,0,0,0,0,0,0,0,0,1,0,3.4285714286,4,0,0,181.8,16,0,0,0,86,3,0,0,0,2,0,0,1,0,7.3615873016,0,15.8,0,0,0,1,23,0,2,13,0
"19",0,0,265.3333333363,17532.8888888974,0,0,0,0,0,0,0,0,0,0,3,0,0,0,0,0,0,0,0,0,2,0,0,1,0,0,0,0,0,0,18.92,0,0,0,0,0,1,192,0,3.2666666666,0,23.2571428572,0,0,0,3,0,0,703.375,0,51,4,35.6150641026,0,4,0,0,5,20,2.5,0,0,0,0,0,0,0,0,0,0,3,1,0,1,0,0,0,43,0,0,0,0,3,1,0,0,0,0,0,0,0,0,0,0,24.2,0,0,0,1,0,0,0,7,0
"20",0,0,16.3333333336,31999.6666666822,0,0,0,0,0,0,0,0,0,0,0,0,10.7666666666,0,0,0,0,5,0,0,1,0,0,0,0,0,0,0,0,0,12.04,6,10.28125,0,1,0,0,0,0,1,0,0,0,0,0,0,0,0,5589.5,0,3,0,6.2301282052,0,4,0,0,0,8,6,0,0,0,0,0,0,0,0,2,0,13,2,0,131.7142857156,0,0,50.9028571441,9,0,0,0,0,5,0,0,0,4,0,0,0,0,0,1,0,0,0,0,0,625.3,1,0,0,0,0
"21",0,0,0,63104.6666666973,0,0,597.5611111112,3,0,0,0,0,0,0,3,0,2468.9166666525,0,0,0,2,10,0,0,0,0,0,0,1,0,2,0,0,0,0,25,3.09375,0,1,0,1,0,0,0,8,0,0,0,0,0,0,0,4027.875,0,0,0,0,0,4,0,0,0,1,7,0,0,0,0,0,0,0,0,0,0,5,0,0,39,0,0,350.2057142897,0,0,0,0,0,5,0,0,1,1,0,0,0,0,0,0,0,0,0,0,0,1905.3,0,0,1,1,7
"22",0,0,0,42252.8888889094,32,0,101,0,0,0,0,0,0,0,4,0,648.8499999961,1,0,0,21,23,0,0,0,0,0,1,0,261.25,1,5,0,0,318.72,6,8.15625,0,68,0,0,0,0,0,1,0,0,0,0,0,0,0,637.125,0,0,0,0,0,1,2,0,0,0,2,0,0,68.6,30,0,0,0,0,0,0,0,0,0,1,0,13.96,248.5714285725,0,0,0,0,0,0,0,1,0,38,0,0,0,0,0,3,0,0,0,0,0,1128,0,0,4,2,783
"23",0,11,0,24399.5555555674,6,0,0,0,0,0,0,0,0,0,0,0,1,0,0,0,31,21,0,0,0,0,0,0,0,8,0,1,0,0,4,0,4.125,0,333,0,3,0,0,0,0,0,0,0,0,0,0,0,200.375,0,0,0,0,0,0,1,0,0,0,0,0,0,0,0,0,0,13,0,0,0,0,0,0,0,0,223.84,49.1657142858,0,0,0,0,0,0,0,14,0,29,0,0,0,0,0,0,0,0,0,0,0,48.4,0,0,4,0,6
"24",0,2.75,0,35798.2222222396,3,0,0,0,0,0,0,0,0,0,0,0,0,0,0,3,1,0,0,0,0,0,0,0,0,0,4,2,0,0,2,0,1.03125,0,278,0,0,0,3,0,0,4,0,0,0,0,0,0,1,0,0,0,0,0,1,1,0,0,0,0,0,0,12,1,0,0,15,0,0,0,0,0,0,1,0,50.16,4,0,0,0,0,0,1,0,26,0,0,0,0,0,0,1,0,0,0,0,5,0,1,0,0,7,0,0
"25",0,0,0,32113.1111111267,2,0,0,0,42,0,0,0,0,1,0,0,0,0,0,0,0,0,0,0,0,0,0,2,0,0,2,17,0,0,0,0,0,0,59,0,4,0,18,0,0,1,0,0,0,0,0,0,0,0,0,0,0,0,0,2,0,0,0,0,0,4,8,0,1,0,8,0,0,0,0,0,0,0,5,0,0,0,0,0,1,0,0,0,1,1,0,0,0,0,0,13,2,0,0,0,7,0,1,0,26.4,3,1,0
"26",0,0,0,24994.6666666788,1,0,0,0,745.64,0,6,13.6,0,0,0,0,0,0,0,31.56,0,0,0,0,0,0,0,8,3,0,0,38,0,0,0,0,0,9.88,11,37.55,5,0,0,0,45,2,0,0,0,1,0,0,0,0,0,0,3,0,23,2,0,11,1,0,0,2,0,0,2,0,0,0,1,3.5,0,0,1,0,0,0,0,0,0,0,0,0,0,0,0,0,0,0,0,3,0,2,6.3615873016,0,0,0,16,0,0,0,269,3,5,0
"27",0,0,0,15678.8888888965,20,2,0,0,1535.44,0,2,20.6,1,0,0,4,0,0,0,96.92,0,0,0,0,0,9,0,8,1,0,1,3,0,0,0,0,0,0,1,27,2,0,1,0,3,3,0,0,0,0,27,0,0,0,333.9875,2,0,0,1759,0,0,12,1,1,0,19,0,1,8.7023809524,3,26,0,0,0,0,0,4,0,0,0,1,0,0,0,0,0,5,0,0,0,0,0,0,0,0,5,56.0847619048,0,0,341.36,8,0,0,41,490.4,1,0,0
"28",0,0,1,16617.3333333414,10,15,0,0,2,1,0,8,2,0,51,0,0,0,0,3,0,1,11,9,7,69,0,10,1,0,0,0,0,0,0,0,2,1,0,43.4,1,0,0,15.7333333329,0,0,0,0,0,2,3258.65,0,0,0,3374.86,6,0,0,242,0,0,8,1,0,0,46,0,0,1,1,6,0,1,0,0,0,9,0,0,0,0,0,0,0,0,0,173,33,0,0,0,2,72,276,2,17,93.4463492064,0,10,43.52,1,0,0,108,213.8,0,6,0
"29",0,0,1606.6666666855,10231.3333333383,0,31,0,0,0,0,0,2,0,0,0,0,0,0,0,0,0,0,64,14,50,66,0,1,0,0,3,0,0,0,0,0,0,0,0,4,2,9,0,19.7333333329,0,0,0,0,0,0,0,2,0,6,788.99,0,7.6150641026,0,63,0,0,1,9,0,0,0,0,0,0,0,1,0,0,0,0,0,6,0,1,0,0,0,0,0,0,0,173,17,0,0,0,34.875,2,63,0,9,19.7231746032,0,0,10.88,2,0,0,3,27.4,0,0,0
"30",0,0,19.0000000002,37240.2222222403,0,3,0,0,0,0,0,0,0,0,207,0,0,0,0,0,0,0,0,0,47,5,0,0,0,0,0,0,0,0,0,0,0,0,0,0,0,2,0,72.7333333314,0,0,0,0,0,9,0,0,0,4.8,729.9625,0,11,0,5,0,0,2,3,0,0,0,0,0,0,0,1,0,0,0,0,0,0,0,0,0,0,0,0,0,0,0,1,0,0,0,0,4,0,0,0,8,3,0,0,0,0,0,6.1,0,0,0,8,0
"31",0,0,16,112910.888888944,0,0,0,0,0,0,0,5,0,0,741,0,32.2999999998,0,0,0,0,0,0,0,1,0,0,2,0,0,4.9166666667,1,0,0,0,0,0,0,0,0,0,1,0,84.1999999977,0,0,0,0,0,2,0,0,0,4.8,1788.895,0,10.8451923078,0,5,0,0,5,8,10,0,0,0,0,0,0,0,0,0,0,1,1,0,0,0,0,65.9885714296,157,0,0,0,0,0,1,0,0,0,0,0,0,0,1,0,0,0,8.16,0,0,5.1,0,0,0,9,0
"32",0,0,0,162122.000000079,0,0,0,16.6333333333,0,0,0,4,0,1,2,0,16.1499999999,0,0,0,0,24,0,0,2,0,0,0,0,0,0,0,0,0,2,0,1.03125,0,0,0,1,0,0,31.5333333332,0,0,0,0,0,4,0,0,7,0,1343.92,0,16.4602564104,0,0,0,0,7,33,8,0,0,0,0,0,33.1571428571,0,0,0,12,2,0,0,1,0,0,149.4628571462,103,0,0,0,0,0,0,0,1,0,0,0,0,0,1,0,0,0,0,0,22.6000000005,59.5,0,0,1,2,0
"33",0,0,0,67407.7777778105,2,0,0,1,0,1,2,0,0,0,0,0,198.7999999988,0,0,0,0,4,0,0,0,0,0,0,0,0,0,0,4,0,1,7,0,0,0,0,1,0,0,1.1333333333,1,0,0,0,0,0,0,0,145,0,421.975,0,0,0,6,0,0,0,32,14,0,0,0,0,0,0,0,0,0,0,1,0,0,17.2857142858,0,0,391.6971428619,8,0,0,0,0,2,0,2,12,3,0,0,0,0,0,0,0,41.6,0,0,12.0533333336,358.1,0,0,0,1,0
"34",0,2.75,0,53560.000000026,0,0,581.5611111112,4,0,0,1,1,0,0,20,0,43.0666666664,0,0,0,0,4,0,0,0,0,3,0,0,107.575,1,0,0,0,28,9,0,0,9,0,0,1,0,0,0,0,0,0,0,0,0,1,114,0,2,0,0,0,1,0,0,1,5,0,13.4375,2,0,9,0,0,0,0,0,0,0,0,0,1,0,16.92,593.0171428631,13,0,0,0,0,0,0,92,0,28,0,0,0,0,0,0,0,1,0,0,0,1142.2,0,0,8,1,0
"35",0,0,0,25177.77777779,0,0,2,12,0,0,0,0,0,0,0,0,0,0,0,0,17,5,0,0,0,0,0,0,0,41.975,0,2,89,0,8,0,0,0,41,0,0,0,0,0,0,2,0,0,0,0,0,0,0,0,0,0,0,0,0,6,0,2,0,0,1,0,0,4,0,0,0,0,0,0,0,0,0,0,0,97.36,47.0800000003,1,0,0,0,0,0,0,55,0,4,0,0,0,0,0,0,0,0,0,0,6.0266666668,21.7,0,0,29,2,0
"36",0,0,0,11238.4444444499,0,0,0,0,0,0,0,0,0,0,0,0,0,0,0,0,39,3,0,0,0,0,1,2,0,0,3,0,1,0,0,0,0,0,73,0,0,0,0,0,1,8,0,0,0,0,0,0,0,0,0,0,0,0,0,0,0,0,0,0,1,0,0,0,0,0,1,0,0,0,0,0,0,0,0,100.16,0,0,0,0,0,0,0,0,0,0,0,0,0,0,0,0,0,0,0,0,0,4.5200000001,1,0,0,22,0,0
"37",0,9.5,0,16525.7777777858,9,0,0,0,22,0,0,0,0,0,0,0,0,0,0,0,6,0,0,0,0,0,122,3,0,0,2,1,0,0,0,0,0,1.44,43,1,1,0,2,15.1999999997,1,1,0,0,0,1,0,0,0,0,0,3,0,0,0,3,0,0,1,0,1,0,0,0,0,0,0,0,0,0,0,3,0,0,8,0,0,0,4,0,0,0,0,0,0,0,0,1,0,0,0,3,2,0,10.6,0,1,3,0,0,62.8,42,0,0
"38",0,0,1.6666666667,3891.111111113,7,0,0,0,780.64,0,0,0,0,0,0,5,0,0,0,0,0,0,0,0,0,0,25,21,0,0,2,2,0,0,0,0,0,50.88,4,0,1,0,0,0,15,6,0,0,0,1,40,1,0,0,41.9975,17,0,0,9,0,0,16,4,0,8,2,3,0,4,0,0,0,0,0,0,0,0,0,0,0,0,0,57,0,0,0,1,0,0,0,0,0,0,0,0,9,1,0,0,19.04,7,0,0,0,178,12,5,0
"39",0,2.75,4,3639.3333333351,12,6,0,0,1750.6,0,0,0,0,3,0,0,0,0,1,4,0,0,3,0,0,6,2,75.1666666666,0,0,0,0,0,0,0,0,1,3,3,0,3,2,0,0,11,33.6285714286,0,0,0,0,1,8,0,0,916.96,4,0,0,1181,1,0,40,2,1,1,54,2,0,16.7023809524,0,8,0,0,0,0,4.7,2,0,0,0,0,0,1,0,0,0,2,0,1,0,0,0,0,1,0,15,37.8926984128,0,9,433.84,14,0,0,0,64.8,3,1,0
"40",3,0,2.6666666667,1419.1111111118,0,5,0,0,0,0,0,0,0,8,1,0,0,0,1,0,0,0,42,123,0,55,0,20,0,0,9,0,0,0,0,0,0,3,0,0,62,0,0,16.5999999996,1,12,0,0,0,1,1222.3,3,1172.25,0,6989.91,3,0,0,846,0,0,12,8,1,0,35,0,0,4.8511904762,0,4,0,0,0,0,0,14,0,0,0,0,1,0,0,0,0,275,40,0,0,0,1,1,84,0,54,32,0,26.8,37.72,3,0,2.7,314,40.4,0,3,0
"41",1,0,553.6666666707,0,0,31,0,0,0,0,0,0,0,38,16,0,0,2,1,0,0,0,22,17,14,32,1,1,0,0,0,0,0,0,2,0,0,0,0,0,5,8,0,94.666666665,0,33.2571428572,0,0,0,1,659.5,0,0,0,966.995,1,0,0,79,0,0,3,2,0,0,0,0,0,0,0,0,0,0,0,0,0,2,0,0,0,0,0,0,0,0,0,104,7,0,0,0,45.875,0,51,0,4,40,0,0,6.8,1,0,3.4,97,1,0,2,0
"42",0,0,1178.0000000117,206.0000000001,0,6,0,0,0,0,0,0,0,0,253,0,0,1,0,0,0,0,4,0,64,7,0,1,0,0,0,0,0,0,1,0,0,1.44,0,0,4,11,0,97.3333333315,0,0,0,0,0,3,0,0,0,0,419,0,6.2301282052,0,14,0,0,2,0,0,0,0,0,0,0,0,0,0,0,2,0,0,0,0,0,0,4.7485714287,0,0,0,0,0,3,2,0,0,0,1,0,0,0,2,3,0,0,0,1,0,5,6,0,1,9,0
"43",0,0,20,4303.1111111132,0,0,0,1,0,0,0,0,0,0,50,0,0,1,11,0,0,0,0,0,7,1,0,4,0,0,0,0,0,3,0,0,13.40625,0,0,0,3,3,0,4.1333333333,0,1,0,0,0,0,0,0,77,0,5,0,29.8451923078,0,7,0,0,0,7,0,0,0,0,0,0,0,0,0,0,0,4,0,0,24.285714286,0,0,14.7485714287,67.8,0,0,0,0,0,1,0,0,2,0,0,0,0,1,4.3615873016,0,0,0,0,0,166.1,0,0,0,6,0
"44",0,0,11.0000000002,6294.4444444475,0,0,44,13,0,0,0,0,0,0,6,0,37.6833333331,1,9,0,0,0,0,0,0,1,0,1,0,0,5,0,10.8727272727,0,14.04,0,18.46875,0,1,0,0,0,0,0,1,0,0,0,0,0,0,0,2386.75,0,12,0,4.6150641026,0,23,0,0,1,4,0,0,0,0,0,0,0,0,0,0,0,1,0,0,14,2,0,196.485714287,22,0,0,0,0,0,0,0,0,0,0,0,0,0,0,0,0,0,0,1,0,832,0,2,0,0,0
"45",0,0,3,24422.4444444563,1,0,37,33,0,0,0,0,0,0,1,0,743.3666666622,19,18,0,1,0,0,0,1,0,1,1,0,85.875,0,0,17.7454545454,0,19.72,0,15.1875,0,17,0,1,0,0,0,0,5.3142857143,0,0,0,6,0,0,4113.375,0,29,0,0,0,27,0,0,1,1,0,13.5,0,1,22,0,0,0,0,0,0,0,0,6,1,5,57.64,150.0685714299,7,0,0,0,0,0,0,1,5,0,0,0,0,0,0,1,0,0,0,0,0,345.6,0,0,0,0,0
"46",0,18,0,15587.3333333409,0,0,16,28,0,0,0,0,0,0,1,0,140.5833333325,61,4,0,1,0,0,0,0,0,0,1,1,483.275,4,0,105.8727272727,0,57.72,0,0,0,184,0,0,10,0,0,0,1,0,0,0,1,0,0,781,0,0,0,1,0,15,11,0,0,7,0,23.625,0,0,1,0,0,101,0,0,0,0,2,0,0,2,291.68,45.4114285719,22,0,0,0,0,0,0,0,0,9,0,0,0,0,0,1,0,1,0,0,0,252.4,0,0,0,0,0
"47",0,67.75,0,14259.7777777847,0,0,0,2,0,0,0,0,0,0,0,0,4,5,1,1,25,0,0,0,0,0,2,0,0,55.925,1,0,0,0,0,0,0,0,48,1,0,0,0,0,0,2,0,0,0,0,0,0,614.75,0,0,1,0,0,7,8,0,0,1,0,0,0,0,0,0,0,22,0,0,0,0,0,0,0,12,71.24,0,0,0,0,2,0,0,0,9,0,20,0,0,0,0,0,0,0,0,0,0,0,1,0,26.4,19,0,0
"48",0,3,0,24376.6666666785,0,0,0,0,0,0,0,0,0,0,0,0,0,1,0,0,9,0,0,0,0,0,4,0,0,1,0,4,0,0,0,0,0,0,29,1,0,0,0,0,0,34,0,0,0,0,0,1,74,0,0,0,0,0,0,6,0,1,0,0,0,0,3,0,0,0,5,0,1,0,0,0,0,0,14,14,0,0,0,0,4,0,0,0,0,0,4,0,0,0,0,0,10,0,0,0,0,0,0,0,1,13,0,0
"49",0,0,0,25452.4444444568,0,0,1,1,13,0,0,0,0,0,0,0,0,0,1,0,0,0,0,0,0,0,0,1,0,0,0,14,0,0,0,0,0,0,3,1,13,0,16,0,8,69.3142857143,0,0,0,0,0,0,36,0,0,1,0,0,4,0,0,1,1,2,2,0,2,0,1,0,8,0,3,0,0,7,0,1,0,16.88,0,0,0,0,32,0,0,0,0,0,3,1,0,0,1,0,7.3615873016,0,0,0,2,0,0,0,85.2,8,0,0
"50",0,1,0,26757.1111111241,6,0,0,1,1206.12,0,0,0,0,0,0,2,0,0,1,52.28,0,0,0,0,0,0,0,7,0,0,9,17,0,0,0,0,0,31.2,0,0,31,0,2,0,0,16.3142857143,0,0,0,0,1,0,19,0,0,5,0,0,585,0,0,13,2,0,0,0,0,0,1,3,9,32,0,0,0,16,0,0,0,0,0,0,0,0,0,0,0,0,0,0,0,0,0,0,0,12,3,0,0,16.32,14,0,0,0,194.4,0,8,0
"51",0,0,14,27515.333333343,14,1,0,1,2969.72,0,0,0,0,4,0,1,0,0,1,20.24,0,0,3,0,0,11,0,11,0,0,2,0,0,6.4,0,0,0,5,0,1,6,0,0,0,14,1,0,0,0,0,72,1,3,0,315.9825,37,0,0,2259,0,0,3,1,0,0,12,0,0,0,0,33,24,0,0,0,4,0,0,0,0,3.1657142858,0,0,0,0,0,6,0,0,0,0,1,0,114,0,64,12.7231746032,0,99.2,443.36,4,0,7,0,543.2,1,0,0
"52",4,0,294.0000000012,34011.5555555689,2,71,0,0,167.16,0,0,0,0,26,73,1,0,0,3,0,0,0,19,154,18,45,0,9,0,0,9.8333333334,0,2,8.2,3.44,0,0,0,0,0,2,0,0,10.7999999998,4,1,0,0,0,0,1423.45,18.8,1,0,1646.92,12,2.6150641026,0,203,1,0,1,6,0,0,11,0,0,0,3,4,0,0,0,0,3,6,0,0,0,3.5828571429,3,16,0,0,0,356,1,0,0,0,2,7,138,1,1,4,0,1,103.36,3,0,13.1,7,160,0,5,0
"53",1,0,1003.0000000094,104457.111111161,0,19,0,0,1,0,0,1,0,61,8,0,0,0,168,0,0,1,11,14,22,69,0,5,0,1,24.7500000001,1,0,0,0,0,0,0,1,0,1,9,0,109.333333332,1,13.6285714286,0,0,0,1,0,0,1,0,2807.8525,1,1,0,210,0,0,1,1,2,0,1,0,0,0,0,0,4,2,3.5,0,2,3,2,0,0,0,0,0,0,0,0,213,0,1,0,0,0,0,5,0,0,16.7231746032,0,32,66.64,1,7.5333333335,4,0,87.2,0,14,0
"54",1,0,8.3333333334,98495.7777778253,0,1,0,0,0,0,0,0,0,17,956,0,0,0,0,0,0,1,0,0,11,3,0,0,0,0,1,0,9.3636363635,0,0,0,0,0,0,0,0,1,0,64.5999999986,0,0,0,0,0,2,0,0,1,0,418.9775,0,12.2301282052,0,27,0,0,4,4,5,0,0,0,0,3.7023809524,0,1,0,0,10.5,0,0,0,17.5714285716,0,0,64.8971428589,0,0,0,0,0,18,0,0,0,0,0,0,3,0,0,22.0847619048,0,0,4.08,1,1.5066666667,47.1,0,0,0,10,0
"55",0,0,0,167431.777777859,0,1,3,3,330.32,0,0,0,0,1,89,0,59.2166666663,0,3,0,0,0,0,0,2,0,0,0,0,0,0,0,0,0,12.04,0,0,0,0,0,0,0,0,0,0,0,0,0,0,0,0,0,3,0,47.9975,3,9,0,18,0,0,1,13,35,0,0,0,0,0,0,0,0,3,8,7,1,0,9.8571428572,0,1,2204.5485714692,4,0,0,13,0,0,0,1,0,0,0,0,0,0,0,5,0,0,1.36,0,9.0400000002,954,0,0,0,10,47
"56",0,7,0,47937.8888889121,0,0,231.2805555556,3,0,0,0,0,0,0,14,0,5.3833333333,0,0,0,0,25,0,0,1,0,1,0,0,11.925,5,0,34.4909090908,0,3.44,0,0,0,21,0,3,0,0,0,0,0,0,0,0,0,0,1,1,0,3,0,8,0,21,2,0,1,10,10,0,0,0,0,0,7,0,0,0,0,22,0,0,0,0,6.6,837.5028571576,44,0,0,0,0,0,0,1,0,0,0,0,0,0,0,0,0,0,0,0,1,624.1,0,0,0,1,489
"57",0,0,0,11559.2222222278,0,0,23,1,0,0,0,0,0,0,11,0,21.5333333332,3,0,0,0,10,0,0,1,0,0,0,0,94.95,2,0,12,1,12.72,11,0,0,615,0,0,0,0,0,0,0,0,0,0,2,0,0,1,0,0,3,1,0,25,1,0,0,3,12,3.0625,0,0,8,0,0,0,0,0,1,1,0,0,4,0,86.48,57.6628571432,27,0,0,2,0,0,0,0,2,0,0,0,0,0,0,65.3615873016,0,0,0,0,0,295.3,0,0,0,0,51
"58",0,5.75,0,709.5555555559,0,0,0,3,0,0,0,0,0,0,1,0,16.1499999999,0,0,0,1,1,0,0,0,0,5,0,0,90.95,0,0,1.8727272727,0,6,0,0,0,473,0,2,1,0,0,0,0,0,0,0,5,0,0,0,0,0,2,1,0,26,8,0,0,0,6,0,0,0,0,0,3,0,0,0,1,0,0,0,0,0,25.92,14,5,0,0,3,0,0,0,8,0,10,0,0,0,0,0,0,0,5.2,0,0,0,33.8,0,0,5,1,0
"59",0,16.75,0,25.8888888889,0,0,0,32.6333333333,0,0,0,0,0,0,0,0,0,0,0,0,5,0,0,0,0,0,5,0,0,6,0,3,0,0,0,0,0,0,85,0,0,0,0,0,3,4,0,0,0,0,0,0,10,0,0,0,0,0,11,12,0,0,0,0,0,0,1.04,0,0,2,0,0,0,0,0,0,0,0,5,21,6,0,0,0,20,0,0,0,37,0,6,0,0,0,0,0,107.3390476192,0,13.2,0,0,0,3,0,52.8,56,0,1
"60",0,3.75,0,1419.1111111118,0,0,0,1,0,0,0,0,0,0,0,0,0,0,0,0,5,1,0,0,0,0,1,0,0,0,0,5,0,0,0,0,0,0,39,8.85,0,0,0,0,0,26.9428571429,0,0,0,1,0,0,0,0,0,3,0,0,5,8,0,0,0,0,9,0,9.32,0,0,0,0,0,2,0,0,0,0,0,1,19,1,36.8,0,0,49,0,0,0,2,0,0,0,0,0,0,0,16.7231746032,0,0,0,2,0,0,0,26.4,41,1,0
"61",0,0,0,337.4444444446,0,0,0,0,1487.28,13,1,0,0,0,0,1,0,0,0,0,1,1,0,0,0,0,0,31.0833333333,0,0,0,6,0,0,0,0,0,0,7,5,14,0,4,0,0,36.2571428572,0,0,0,0,0,0,0,0,0,8,0,0,0,2,0,1,0,1,1,0,0,0,0,0,7,0,1,0,0,0,0,0,0,1,0,0,0,0,9,0,3,0,0,0,0,0,0,0,0,0,0,0,0,0,7,0,1,0,678.6,4,0,0
"62",0,0,1,160.2222222223,22,0,0,3,2866.56,12,1,0,0,0,1,0,0,4,0,134.48,0,0,0,0,0,0,0,16,0,0,0,5,0,1.6,0,0,0,295.04,2,12,9,3,0,0,7,31.9428571429,0,0,0,1,3,0,0,0,593.965,24,0,0,1576,0,1,3,0,2,0,1,5.2,0,1,0,13,0,0,0,0,6,0,0,0,0,0,0,0,0,11,0,24,0,0,0,0,0,0,0,0,7,20.0847619048,0,9.6,112.88,12,0,2,0,859.4,2,1,0
"63",9,0,0,366.2222222224,9,20,0,8,37,8,3,0,0,0,0,6,0,0,0,122.8,0,0,2,175,0,17,0,29,127,0,1,0,0,24,0,0,0,15.88,1,24.85,14,4,0,0,31,54.6285714286,0,0,0,4,0,0,0,0,4919.82,12,0,0,2540,0,0,1,0,0,0,39,0,0,2,0,10,0,1,0,0,6,2,0,0,0,0,0,1,0,0,0,217,0,0,0,0,1,0,56,0,23,51.1695238096,0,2,583.44,3,0,1,19,445,0,7,0
"64",10,0,0,0,1,48,0,5,0,6,8,1,0,0,0,2,0,0,0,0,0,0,166,121,39,38,0,10,156,0,1,0,13,10.4,0,0,0,7,1,1,9,1,0,2.1333333333,4,10,0,0,0,5,0,19.8,0,18,6441.8375,13,2,0,358,0,0,0,1,0,0,7,0,0,0,0,20,0,1,0,2,3,1,0,0,0,0,0,0,0,0,0,890,106,0,0,0,6,31,77,0,2,49.4463492064,0,3.2,76.16,1,0,0,83,172,3,3,0
"65",1,0,100.3333333347,0,0,13,0,11,0,0,0,0,0,0,0,0,0,0,0,0,0,0,21,2,67,12,0,3,0,0,0,0,0,0,0,0,0,0,0,1,1,2,0,47.9333333326,1,0,0,0,0,7,45,0,0,52.8,4893.915,5,13,0,125,0,0,0,3,0,0,0,0,0,0,0,0,0,1,0,0,0,1,0,0,0,0,43.8,0,0,1,0,139,17,0,0,0,8,1,3,0,17,4,0,0,21.76,2,0,0,4,1,0,4,0
"66",0,0,897.6666666797,595.1111111114,0,3,0,1,0,0,0,0,0,0,4,0,5.3833333333,7,0,0,0,0,17,0,62,2,0,6,0,0,0,0,0,0,0,0,0,0,0,0,1,9,0,49.5999999991,0,6,0,0,0,34,992.8,27,798.5,39.6,754,1,34.8451923078,0,46,0,0,1,1,23,0,0,0,0,0,0,0,0,0,0,0,0,0,0,0,0,1.5828571429,53.8,41,0,0,0,8,1,0,0,0,3,0,2,0,1,0,0,0,1.36,0,0,2.7,0,0,0,14,0
"67",0,0,112.6666666677,709.5555555559,0,0,0,0,0,0,0,0,0,0,0,0,0,1,0,0,0,3,0,0,3,0,0,0,0,0,0,0,0,0,1.72,0,0,0,0,0,0,0,0,1,0,0,0,0,0,2,0,617,2176.75,3.6,67,0,35.3054487182,0,12,0,0,2,18,46,0,0,0,0,0,0,0,0,0,0,1,0,0,2,0,0,0,21,0,0,0,0,1,2,0,0,0,0,0,0,0,0,0,0,0,0,0,10.5466666669,0,0,0,0,6,0
"68",0,0,1,4005.5555555575,0,0,0,1,0,0,0,0,0,0,3,0,43.0666666664,0,0,0,0,3,0,0,2,0,0,0,0,0,0,0,6.6181818181,0,2.72,10,13.40625,0,0,0,1,0,0,0,0,0,0,0,0,0,0,0,19130,0,4,0,0,0,2,0,0,0,5,55.5,0,0,0,0,0,0,0,0,0,1,28,0,0,63.0000000002,0,0,162.8057142882,69.8,0,0,0,0,0,5,0,3,7,0,0,0,0,0,2,0,0,0,0,37.6666666675,1461.2,0,0,0,6,0
"69",0,0,0,10734.8888888941,1,0,1268.402777778,1,0,0,0,0,0,0,13,0,165.1166666657,3,0,0,0,6,2,0,0,0,0,0,0,24.925,0,0,22.727272727,1,6,49,8.21875,0,0,0,0,0,0,0,0,0,0,0,0,0,0,0,4374.75,2.2,0,1,0,0,0,1,0,0,1,24,0,0,0,1,0,1,0,0,1,0,2,0,0,22,0,1,838.8000000105,39.8,0,0,0,0,0,0,7,1,4,0,0,0,0,0,0,0,0,0,0,18.5733333337,3903.9,0,0,0,0,42
"70",0,2.75,0,9270.0000000045,0,0,249.2805555556,0,0,0,0,0,0,0,49,0,138.4333333326,15,0,0,2,95,0,0,0,0,0,1,0,347.55,1,0,75.4909090908,0,72,32,50.0625,0,54,0,1,0,0,0,0,1,0,0,0,0,0,0,1112,0,0,0,0,0,0,1,0,0,2,14,0,0,0,21,0,4,0,0,8,0,10,2,0,0,0,59.44,613.4114285794,6,0,0,0,0,0,0,42,0,18,0,0,0,0,0,0,0,0,0,0,93.0800000004,1659.1,0,0,5,0,22
"71",0,33.25,0,15381.3333333408,0,0,2,0,165.16,0,0,0,0,0,1,0,5.3833333333,4,3,0,3,67,0,0,0,0,0,0,0,198.875,0,0,5,0,1,4,17.25,0,1471,0,1,0,0,0,0,8.3142857143,0,0,0,0,0,0,669,0,0,0,1,0,0,9,0,1,1,0,0,0,0,3,0,2,1,0,0,0,0,0,0,0,0,127.64,29.9142857145,1,0,0,0,0,0,0,40,0,2,0,0,0,0,0,2,0,0,0,0,37.0266666668,244.8,0,0,52,0,28
"72",0,23,0,29589.7777777921,0,0,0,0,495.48,0,0,0,0,0,5,0,1,0,0,0,2,1,0,0,0,0,10,0,0,0,3,13,0,0,0,0,2.03125,0,1996,0,0,0,1,0,0,23.3142857143,0,0,0,0,0,0,124,0,0,1,0,0,0,1,0,0,0,2,0,0,0,3,0,0,2,4,4,0,0,0,0,0,0,18.28,0,1,0,0,15,0,0,0,5,0,1,0,0,0,0,0,4,0,0,0,0,1,12.1,0,0,34,0,6
"73",0,2.75,0,23743.666666678,0,0,0,0,167.16,0,0,0,0,0,2,0,0,0,0,0,0,0,0,0,0,0,8,2,0,0,0,10,0,0,0,0,0,0,838,0,2,0,12,0,0,14,0,0,0,0,0,0,95,0,0,0,0,0,0,2,0,0,0,1,0,0,0,2,0,0,1,5,3,0,0,3,1,0,0,0,0,0,0,0,55,0,0,0,0,0,0,0,0,0,0,0,31.807936508,0,0,0,1,0,1.7,0,0,45,0,0
"74",0,1,0,41225.2222222416,2,0,0,0,47,0,0,0,0,0,21,0,0,0,2,66.68,0,0,0,0,0,0,2,4,0,0,13,37,0,0,0,0,0,178.88,143,9,1,0,1,0,0,244.6571428574,0,0,0,0,1,0,8,0,0,7,0,0,0,0,0,1,0,0,0,0,0,0,0,0,6,15,11,0,0,14.7,1,0,2,0,0,0,0,0,15,0,0,0,0,0,0,1,1,0,0,0,62.8926984128,0,0,5.44,0,0,0,0,80.2,17,1,0
"75",0,0,0,31874.3333333466,10,6,0,0,191,0,3,0,0,3,10,2,0,0,1,135.04,0,0,0,7,0,0,0,6,0,0,5,5,0,11.2,0,0,0,129.08,57,20,12,0,0,0,7,108.2000000001,0,0,0,1,0,0,0,0,926.9475,50,1,0,82,1,0,4,3,0,0,3,0,0,5,0,16,8,29,0,0,31,3,0,0,0,0,0,3,0,15,0,0,0,0,0,0,1,0,35,0,4,157.9774603176,0,0,186.32,2,0,0,0,29.4,20,2,0
"76",0,0,0,34651.3333333445,3,22,0,0,0,0,5,0,0,9,35,2,0,0,0,0,0,0,8,163,18,22,0,10,0,0,1,0,1,2,0,0,0,0,12,7.85,7,0,0,6.7999999998,0,4,0,0,0,1,1006.7,0,0,0,3563.8175,66,0,0,151,0,0,2,1,0,0,1,0,0,1.8511904762,0,38,2,12,0,0,5,4,0,0,0,0,0,0,0,0,0,63,10,0,0,0,1,80,57,0,1,103.8926984128,0,0,47.6,0,0,0,0,2,0,2,0
"77",0,0,41.6666666669,23896.2222222317,2,16,0,0,0,0,0,0,0,15,15,0,0,0,0,0,0,0,49,61,221,14,0,2,0,0,2,0,0,0,0,0,0,0,3,1,5,0,0,63.8666666657,0,8.3142857143,0,0,0,0,90,10.4,0,0,5032.7275,17,1,0,0,3,0,0,3,0,0,0,0,0,0,4,7,0,1,2,0,6,2,0,0,0,0,0,0,0,0,0,217,3,0,0,0,4,440,3,0,0,25,0,0,9.52,0,0,0,0,0,0,6,0
"78",0,0,445.6666666709,12338.3333333376,0,0,0,0,0,0,0,0,0,5,206,0,0,0,0,0,0,0,5,0,86,2,0,0,0,0,4,0,0,0,0,0,0,0,1,0,4,1,0,234.5333333277,0,12.6285714286,0,0,0,2,0,0,0,0,1090.955,14,11,0,0,1,0,0,67,3,0,0,0,0,0,1,1,0,0,6.5,0,1,0,0,0,0,0,72,0,0,0,0,17,0,0,0,0,5,88,0,0,0,7.3615873016,0,0,1.36,0,0,0,0,0,0,7,0
"79",0,0,22.3333333335,348,0,0,0,0,0,0,0,0,0,1,0,0,0,0,0,0,0,0,0,0,15,0,0,0,0,0,0,0,24.3454545451,0,0,0,0,0,0,0,1,0,0,16.333333333,0,0,0,0,0,6,0,0,0,0,1,2,15,0,0,0,0,1,26,49,0,0,0,0,0,0,1,0,0,0,0,0,0,0,0,1,0,272.8,0,0,0,0,0,0,0,0,0,0,0,0,0,0,1,0,0,0,0,0,1,0,0,0,5,0
"80",0,0,7.6666666667,97,0,0,0,0,0,0,0,0,0,0,0,0,0,0,0,0,0,0,0,0,0,0,6,0,0,0,0,0,17.8545454543,0,0,0,0,0,0,0,3,0,0,1,0,2,0,0,0,0,0,0,0,0,1,4,0,0,4,0,0,0,3,23,0,0,0,0,0,0,0,0,0,1,0,0,0,0,0,0,4.1657142858,45,0,0,0,0,0,0,0,0,0,0,0,0,0,0,1,0,0,0,1,0,11.2,0,0,0,10,2
"81",0,0,1,3,0,0,622.5611111112,0,0,0,0,0,0,0,0,0,75.3666666662,1,0,0,0,0,0,0,2,0,0,0,0,148.925,0,0,10.4909090908,0,1,0,0,0,0,0,0,0,0,0,0,0,0,0,0,1,0,0,0,0,0,0,0,0,0,2,0,0,0,10,0,0,0,6,0,0,0,1,0,0,0,1,0,1,0,26.32,149.9028571441,20,0,0,0,0,0,0,0,14,3,0,0,0,0,0,0,0,0,0,0,0,22.9,0,0,6,0,0
"82",0,6,0,0,0,0,39,1,0,0,0,0,0,0,0,0,40.6833333331,0,0,0,4,0,0,0,0,0,8,0,0,235.8,1,0,13,0,0,0,0,0,0,0,1,2,0,0,0,0,0,0,0,0,0,0,0,0,0,0,0,0,0,13,0,0,0,1,0,0,0,11,0,1,0,2,0,0,0,0,0,0,1,65.28,66.7428571435,10,0,0,0,0,0,0,2,2,6,0,0,0,0,0,0,0,10,0,0,0,3,0,0,50,0,0
"83",0,80.5,0,0,0,0,0,0,0,0,0,0,0,0,0,0,0,0,0,0,24,0,0,0,0,0,84,0,0,7,0,0,0,0,0,0,0,0,0,0,0,0,0,0,0,3,0,0,0,0,0,0,0,0,0,0,0,0,0,13,0,0,0,0,0,0,0,0,0,0,0,2,0,0,0,5.7,0,0,6,99.92,7,15,0,0,0,0,0,0,44,0,5,0,0,0,0,0,0,0,99.4,0,0,0,1.7,0,0,32,0,0
"84",0,14.75,0,0,0,0,0,0,0,0,0,0,0,0,0,0,0,0,0,0,7,0,0,0,0,0,158,0,0,0,1,0,1,0,0,0,0,0,0,0,0,0,7,0,0,4,0,0,0,0,0,0,0,0,0,0,0,0,0,0,0,0,0,0,14,0,0,0,0,0,0,5,1,0,0,0,0,0,1,0,68.0742857151,0,0,0,1,0,0,0,0,0,4,0,0,0,0,0,1,0,0,0,0,0,8.1,0,0,9,1,0
"85",0,0,0,0,0,0,0,0,189.16,0,0,0,0,0,1,0,0,0,0,0,0,0,0,0,0,0,67,1,0,0,4.9166666667,1,1,0,0,0,0,0,0,0,11,0,25,0,0,45.6285714286,0,0,0,0,0,0,0,0,0,0,0,0,0,3,0,4,1,1,0,0,0,0,1,0,0,1,1,0,0,1,0,0,5,0,5,0,0,0,25,0,0,0,0,0,1,67.75,0,0,0,0,3,0,0,0,2,0,14.2,0,0,4,1,0
"86",0,0,0,0,2,0,0,0,974.8,1,0,3,0,0,0,1,0,0,0,0,0,0,0,0,0,0,11,8,0,0,1,4,0,0,0,0,0,23.84,0,0,7,0,0,0,0,2,0,0,0,0,5,0,0,0,0,1,0,0,43,0,0,28,1,2.5,0,0,0,0,1,1,0,19,1,0,0,2,0,0,0,0,1,0,0,0,3,0,0,0,0,0,0,2,0,0,0,1,5,0,0,0,13,0,0,0,83.2,23,0,0
"87",3,0,0,0,1,0,0,0,1988.76,2,6,0,0,0,0,2,0,0,0,0,0,0,0,0,0,4,1,8,0,0,0,2,0,0,0,0,0,2.88,0,0,6,0,0,0,13,5,0,0,0,0,0,0,0,0,1007.955,8,0,0,756,1,0,2,2,0,0,0,0,0,8,0,1,23,0,0,0,13,0,0,0,0,2,0,0,0,0,0,1,0,0,0,0,0,0,18,0,4,6.3615873016,0,2,501.84,0,0,0,0,346.6,1,2,0
"88",17,0,0,0,2,3,0,0,0,6,7,6,0,2,0,6,0,0,0,0,0,0,8,64,0,25,0,15,2,0,2,0,0,0,0,0,0,0,0,0,2,2,0,0,29,0,0,0,0,0,55,0,0,0,7569.81,2,0,0,293,0,0,0,3,0,0,8,0,0,2,0,1,22,2,0,0,5,1,0,0,0,5.7485714287,0,0,0,0,0,24,74,0,0,0,31,2,70,0,4,15.0847619048,0,0,204,0,0,2,70,151.8,0,2,0
"89",15,0,184.3333333349,0,0,14,0,1,0,0,0,0,2,117,93,0,0,2,0,0,0,0,90,163,44,16,0,6,0,0,5,0,0,0,0,0,0,0,0,0,0,7,0,93.999999998,2,0,0,0,0,12,1629,0,0,0,3499.975,1,7,0,97,0,0,0,5,0,0,0,0,0,0,0,0,5,1,3.5,0,3,0,0,0,0,0,0,0,0,0,0,187,60,0,0,0,108.75,64,12,0,20,15.0847619048,0,0,44.88,0,0,4.7,183,6,0,26,0
"90",0,0,1399.6666666815,0,0,2,0,2,0,0,0,0,0,110,289,1,0,1,0,0,0,0,1,1,96,0,0,0,0,0,0,0,0,0,0,0,0,0,0,0,1,42,0,188.0666666634,0,0,0,0,0,28,1,0,24,0,297,0,12.6150641026,0,7,0,0,8,7,0,0,0,0,0,0,0,0,3,0,0,0,0,0,0,0,0,0,0,0,0,0,0,13,7,0,0,0,14,0,0,0,1,0,0,0,5.44,0,0,3,30,0,0,0,0
"91",0,0,94.6666666673,0,0,0,0,13,0,0,0,0,0,5,231,0,0,3,0,0,0,0,0,0,7,0,0,0,0,0,0,0,1.8727272727,0,0,11,0,0,0,0,1,2,0,96.666666665,0,0,0,0,0,0,0,0,1194,0,104,0,15,0,0,0,0,4,4,19,0,0,0,0,0,0,0,0,0,2,23,0,0,19.7142857144,0,0,27.1600000006,94.6,0,0,0,0,2,2,0,0,0,9,0,0,0,1,0,0,0,0,0,0,99.1,12,0,0,10,0
"92",0,0,6,1419.1111111118,0,0,18,16,0,0,0,1,0,0,16,0,0,1,0,0,0,0,0,0,0,0,0,0,0,7.975,0,0,6.7454545454,0,7.72,4,5.125,0,2,0,0,0,0,9.0666666664,0,0,0,0,0,0,0,0,9426.5,0,2,0,2.6150641026,4,0,0,0,0,6,18,0,0,0,0,0,1,0,2,0,0,23,0,0,35.8571428572,0,0,963.0628571597,40.8,0,0,0,0,0,0,0,0,0,4,0,0,0,0,0,0,0,3,0,0,927,0,0,2,10,0
"93",0,0,0,183.1111111112,0,0,228,1,0,0,0,0,0,0,9,0,75.3666666662,5,0,0,0,0,0,0,0,0,0,0,0,18.925,0,0,60.7454545454,0,9,0,5.09375,0,59,0,1,0,0,0,0,0,0,0,0,0,0,0,4799.75,0,0,0,0,3,0,1,0,0,3,9,0,0,0,1,0,2,0,0,0,0,4,0,0,4,0,1,622.0000000075,6,0,0,0,0,0,0,0,25,2,0,0,0,0,0,0,0,0,0,0,0,652,0,0,2,0,2
"94",0,0,0,2861.1111111125,0,0,38,1,0,0,0,0,0,0,0,0,226.0999999986,13,0,0,2,5,0,0,0,0,0,0,0,38.9,0,0,81.7454545454,0,19,0,1,0,273,0,1,2,0,0,0,0,0,0,0,9,0,0,1125,0,0,1,0,0,0,14,1,0,6,3,0,0,0,2,0,0,0,0,0,0,0,0,0,0,0,103.56,139.2400000009,2,0,0,0,0,0,0,6,1,1,2,0,0,0,0,0,0,0,0,0,0,401.4,0,0,3,0,1
"95",0,10.75,0,7232.8888888924,0,0,1,2,0,0,0,0,0,0,0,0,37.6833333331,11,0,0,6,7,0,0,0,0,0,0,0,5,4.9166666667,0,22,0,1,0,0,0,252,1,1,0,0,0,0,0,0,0,0,2,0,0,629,0,0,0,0,0,0,16,0,1,1,1,0,0,0,0,0,0,0,0,0,0,0,0,0,0,0,71.28,8,3,0,0,0,0,0,0,62,0,3,33.875,0,0,0,0,22,0,1,0,0,0,33.9,0,0,42,0,0
"96",0,13.75,0,5813.7777777806,0,0,0,0,172.16,0,0,0,0,0,0,0,0,1,0,0,15,0,0,0,0,0,0,1,1,0,5.9166666667,5,0,0,0,0,1.03125,0,86,2,1,0,12,0,0,17.6285714286,0,0,0,0,0,0,115,0,0,1,0,0,0,3,0,0,0,0,0,0,7.04,0,0,0,1,1,0,2,0,0,0,0,0,2.64,0,0,0,0,1,0,0,0,1,0,2,0,0,0,0,0,8,0,0,0,1,0,0,0,0,21,0,0
"97",0,1,0,9838.8888888935,0,0,0,0,209.16,0,0,1,0,0,0,0,0,1,0,1,0,0,0,0,0,0,0,2,1,0,2,25,0,0,0,0,0,5,22,0,4,0,16,4.5333333332,0,25.6285714286,0,0,0,1,0,1,93,0,0,2,0,0,0,0,2,6,0,1,0,0,1,0,0,1,1,10,5,3.5,0,0,0,0,1,0,0,0,0,0,33,0,0,0,0,0,0,33.875,0,0,0,0,47.4463492064,0,1,0,8,0,0,0,2,18,1,0
"98",0,0,0,22748.2222222328,3,0,0,0,242.16,1,0,1,0,0,7,0,0,0,0,35.56,0,0,0,0,0,0,0,4,0,0,3,40,0,0,0,0,0,4.88,2,2,3,0,1,0,7,98.5142857144,0,0,0,1,83,7,12,0,0,11,0,0,282,1,0,9,0,0,0,0,0,1,0,0,5,34,2,9,0,4,0,0,0,0,0,0,0,0,37,0,0,0,0,0,0,0,0,0,0,0,32.0847619048,0,0,17.68,4,0,0,0,643.8,18,3,0
"99",0,0,4,7621.2222222244,16,7,0,0,1367.48,2,0,1,0,0,5,10,0,0,1,60.24,0,0,0,4,0,3,0,5,4,0,0,3,0,0,0,0,0,0,3,6,2,0,0,0,47,37,0,0,0,0,280,57.4,1,0,229.9875,31,0,0,428,1,1,1,3,0,0,6,0,0,3,0,8,20,0,0,0,4,3,0,0,0,0,0,0,0,0,0,0,0,0,0,0,0,2,62,0,4,59.0847619048,0,1,100.64,5,0,0,0,462.4,14,0,0
"100",1,0,141.0000000015,9405.5555555576,3,29,0,0,801.48,0,0,0,0,0,0,2,0,0,0,3,0,0,0,222,64,53,0,9,98,0,14.9166666667,1,3,0,0,0,0,0,1,7,3,0,0,0,58,27.6285714286,0,0,0,0,0,1,0,0,485.98,22,0,0,99,0,0,0,7,0,0,0,0,0,2,0,9,37,4,2,0,0,15,0,0,0,0,0,0,0,0,0,7,63,0,0,0,0,0,94,0,13,83.7231746032,0,0,20.4,6,0,0,0,118.6,1,3,0
"101",2,0,152.6666666691,19962.8888888982,0,4,0,0,0,0,0,0,0,2,364,0,0,4,0,0,0,0,12,24,158,21,0,1,20,0,1,0,0,1,0,0,0,0,0,1,0,0,0,78.7999999983,2,3,0,0,0,4,279.5,0,0,14.4,28,6,17,0,48,0,0,1,20,6,0,0,0,0,0,8,2,41,2,8,0,0,10,0,0,0,0,0,0,0,0,0,155,3,0,0,0,4,379,13,0,2,29.3615873016,0,2,0,6,0,10.4,2,1,0,2,0
"102",0,0,1310.333333351,250,0,0,0,1,0,0,0,0,0,1,48,0,0,2,0,0,0,0,1,0,75,1,0,0,0,0,0,0,0,0,1,0,0,0,0,0,0,0,0,60.5333333322,1,1,0,0,0,0,0,0,0,1.2,3,6,22.6150641026,0,45,0,0,18,19,14,0,0,0,0,0,0,0,24,0,0,0,1,0,0,0,1,0,0,0,0,0,0,33,0,0,0,0,1,229,0,0,0,1,0,19.4,0,2,1.5066666667,3,4,1,0,3,0
"103",0,0,134.3333333353,91.5555555556,0,0,0,1,0,0,0,0,0,0,4,0,5.3833333333,1,0,0,0,1,1,0,7,0,0,0,0,0,6,0,3,0,2,0,0,0,0,0,0,0,0,25.2666666661,1,0,0,0,0,0,0,0,3,0,0,0,12,0,6,0,0,1,119,7,0,0,0,0,0,0,0,0,0,1,24,0,0,13.2857142858,0,0,0,13,0,0,0,0,0,0,0,0,0,2,39,0,0,0,1,0,18,0,0,3.0133333334,28.8,0,1,0,17,0
"104",0,0,0,258.6666666667,0,0,0,1,1,0,0,0,0,0,0,0,64.5999999996,0,0,0,0,0,0,0,1,0,0,1,1,0,0,0,9.3636363635,0,0,3,0,0,0,0,0,0,0,0,0,0,0,0,0,0,0,0,101,0,0,5,0,0,2,0,0,0,9,26,0,0,0,0,0,0,0,0,0,0,3,0,0,8,0,0,14.3314285716,8,0,0,0,2,0,1,0,2,1,0,4,0,0,0,0,0,0,0,0,0,221.8,0,0,1,3,0
"105",0,0,0,297.5555555557,0,0,866.8416666668,4,0,0,0,0,0,0,6,0,229.0999999986,11,0,0,3,0,0,0,0,0,0,0,0,27.925,0,0,15.1090909089,0,4,5,0,0,6,0,1,0,0,1,0,0,0,0,0,0,0,0,1697,0,0,1,1,0,1,4,0,0,1,24,0,0,0,3,0,0,0,0,0,0,0,0,0,2,0,12,61.7428571435,45.8,0,0,0,0,0,1,0,3,0,0,1,0,0,0,1,0,0,0,1,0,620.9,0,0,1,0,9
"106",0,17,15,14546.4444444515,0,0,256.2805555556,15,0,0,0,0,0,0,2,0,242.0999999986,4,0,0,12,1,0,0,1,0,0,0,0,324.375,1,0,21.7454545454,0,7,1,0,0,92,0,1,1,0,0,0,0,0,0,0,1,0,0,384,0,0,4,0,0,2,32,0,0,0,3,0,0,0,18,0,0,0,0,0,3.5,0,0,0,0,0,45.24,41.3314285716,47.8,0,0,7,0,0,0,2,0,4,0,0,0,0,0,1,0,0,0,0,0,110.8,0,0,56,0,0
"107",0,15.75,0,1716.6666666675,0,0,0,0,0,0,0,0,0,0,0,0,0,0,0,0,23,0,0,0,0,0,10,2,0,2,1,0,1,0,0,0,0,0,150,0,1,0,0,0,0,7,0,0,0,3,0,0,12,0,0,0,0,0,0,14,0,0,0,0,0,0,0,0,0,0,0,0,0,0,0,4,0,0,0,65,17.0800000003,0,0,0,0,0,0,0,1,0,1,0,0,0,0,0,0,0,0,0,0,0,0,0,0,27,0,0
"108",0,0,0,618.0000000003,0,0,0,4,165.16,0,0,0,0,0,0,0,0,0,0,0,12,0,0,0,0,0,10,0,0,0,3,2,0,0,0,0,0,0,44,0,3,0,0,0,0,93.9428571429,0,0,0,0,0,4,8,0,0,1,0,0,0,5,0,4,0,0,1,0,4.08,2,0,0,0,0,1,0,0,1,0,0,0,5,10.3314285716,1,0,0,1,0,0,0,1,0,1,0,0,0,0,0,11,0,0,0,0,0,0,0,0,18,0,0
"109",0,1,0,3024.3333333348,0,0,0,5,173.16,0,1,0,0,0,0,0,0,0,0,0,1,0,0,0,0,0,1,1,0,0,0,7,3,0,0,0,0,11.64,9,0,3,0,15,0,0,167.8857142858,0,0,0,0,0,3,8,0,0,0,0,0,0,4,1,1,2,0,1,0,0,2,0,0,0,0,0,0,0,7,0,0,0,1.32,82.9885714296,4,0,0,20,0,0,0,3,0,1,5,0,0,0,0,2,0,0,0,0,0,0,0,195.8,1,1,0
"110",0,0,0,2039.1111111121,0,0,0,1,556.16,0,1,0,0,0,0,1,0,0,0,20,0,0,0,0,0,0,0,3,0,0,0,5,0,0,0,0,0,3,1,0,8,0,0,0,0,52.6285714286,0,0,0,1,31,1,0,0,1,2,0,0,1,0,0,14,2,0,0,0,0,0,0,0,0,1,0,0,0,8,0,0,0,0,1,110.4,0,0,7,0,0,0,0,0,0,0,0,0,0,0,1,0,0,0,0,0,0,0,838.6,1,0,0
"111",0,0,0,2783.4444444457,22,1,0,1,909.64,0,5,0,0,0,0,3,0,0,0,21.56,0,0,0,0,0,0,0,3,0,0,0,2,0,0,0,0,0,90.12,1,1,18,0,0,0,0,15.3142857143,0,0,0,1,8,2,0,0,1150.9625,2,0,0,1,0,1,18,1,0,0,0,0,0,3,1,13,1,0,0,0,13.7,1,0,0,0,35.7428571435,0,0,0,0,0,0,0,0,0,0,0,0,18,0,10,0,0,0,0,1,0,0,0,732.6,2,5,0
"112",2,0,0,4357.6666666686,1,12,0,1,112,0,4,0,0,9,8,0,0,0,0,0,0,0,5,2,4,30,0,5,0,0,5.9166666667,0,1,5.8,0,0,0,99.72,0,2,16,2,0,17.1999999997,0,0,0,0,0,1,41,0,0,0,7945.8325,0,0,0,2434,1,0,8,5,0,0,11,0,0,0,0,1,0,0,2,0,3,8,0,0,0,20.3314285716,0,6,0,0,0,34,16,0,0,0,42.875,0,88,0,11,8.7231746032,0,1,515.44,2,0,2,1,308.4,0,5,0
"113",5,0,0,15187.4444444517,0,4,0,2,0,0,1,1,0,56,3,1,0,0,0,0,0,0,1,234,8,29,0,0,0,0,3,0,0,22,0,0,0,4.44,1,1,2,33,0,147.8666666637,9,0,0,0,0,3,0,0,0,0,19459.3975,0,5.2301282052,0,852,1,0,2,11,0,3,14,0,0,0,0,0,0,0,0,0,2,4,0,0,0,0,0,0,0,0,0,81,150,0,0,0,6,0,131,0,0,9.3615873016,0,0,310.08,0,0,11,20,84.2,0,1,0
"114",0,0,734.66666668,377.0000000001,0,0,0,0,0,0,0,0,0,27,108,0,0,0,0,0,0,0,0,2,45,3,0,0,0,0,2,0,5.7454545454,1,0,0,0,0,1,0,1,25,0,282.1999999947,0,0,0,0,0,1,0,0,1,0,1475.995,0,6,0,85,1,0,19,12,0,0,0,0,0,0,0,1,0,0,3.5,0,0,0,0,0,0,0,1,0,0,0,0,5,11,0,0,0,5,0,1,0,0,37.4463492064,0,5.2,25.84,0,0,4.4,4,0,0,5,0
"115",0,0,1661.3333333589,124,0,0,0,0,0,0,0,0,0,1,17,0,0,1,0,1,0,0,0,0,131,1,0,1,0,0,0,0,4.8727272727,0,0,0,0,1,1,1,0,0,0,21.9999999995,0,0,0,0,0,1,0,0,93,0,359,0,28,0,78,0,0,2,39,5,0,0,0,0,0,0,0,0,0,2,0,0,0,0,0,0,44.7428571435,72,0,0,0,0,0,3,0,0,0,33.875,0,0,0,0,0,0,32.4,16.32,0,0,17.2,1,0,0,19,0
"116",0,0,36.6666666672,1764.4444444453,0,0,0,0,0,0,0,0,0,0,1,1,0,0,0,0,0,0,0,0,15,0,0,0,0,19.875,0,0,6,0,0,0,2.03125,0,0,0,1,0,0,0,0,0,0,0,0,1,0,0,917,0,6,0,2,0,26,0,0,1,10,56,0,0,0,0,0,0,0,0,0,0,0,0,0,1,0,1,136.0571428595,244.4,0,0,0,0,0,1,0,0,3,0,0,0,0,0,0,0,16.2,2.72,2,0,31,0,1,0,14,0
"117",0,0,0,68.6666666667,0,0,8,0,0,0,0,0,0,0,8,1,0,0,0,0,0,0,0,0,3,0,0,3,0,27.875,1,0,4.7454545454,0,0,1,0,0,3,0,0,0,0,0,0,0,0,0,0,1,0,0,3797,0,0,0,2,0,1,2,0,0,0,24,0,0,0,4,0,0,0,0,0,2,0,0,0,0,0,1,1890.4914286097,5,0,0,0,0,0,0,0,26,3,0,0,0,0,0,0,0,0,0,4,0,244.5,0,0,2,1,13
"118",0,0,0,1487.7777777785,0,0,93,0,0,0,0,1,0,0,14,0,21.5333333332,0,0,0,0,4,0,0,0,0,0,0,0,241.75,1,0,3.8727272727,0,1,0,0,0,1,0,1,0,0,0,0,2,0,0,0,2,0,0,2774.375,0,0,0,0,0,3,13,0,0,2,5,0,0,0,4,0,0,0,0,1,1,0,1,1,0,0,8,1929.0400000339,6,0,0,1,0,0,0,0,6,1,0,0,0,0,0,0,0,0,0,2,0,124.9,0,0,9,0,27
"119",0,15,0,251.7777777779,0,0,3,1,0,0,0,0,0,0,3,0,0,0,0,0,9,12,0,0,0,0,0,0,0,9,0,2,3,0,0,0,0,0,60,0,1,0,0,0,0,1,0,0,0,4,0,0,356,0,0,0,0,0,0,15,1,0,0,1,0,0,0,6,0,0,0,0,0,2,0,0,0,0,0,13.32,64.9085714293,1,0,0,5,0,0,0,13,0,38,0,0,0,0,0,4,0,0,0,0,1,0,0,0,25,0,0
"120",0,4,0,183.1111111112,0,0,0,0,185.16,0,0,0,0,0,0,0,0,0,0,0,14,0,0,0,0,0,0,5,0,0,1,7,0,0,0,0,0,0,52,0,0,0,1,0,0,6,0,0,0,0,0,15,112,0,0,0,0,0,0,16,1,0,0,4,0,0,32,2,0,0,0,0,0,1,0,1,0,0,0,14.32,25.2457142861,0,0,0,0,0,0,0,1,0,16,0,0,0,0,0,6,0,0,0,0,0,0,0,0,1,0,0
"121",0,0,0,503.5555555558,0,0,0,0,81,0,0,0,0,0,0,0,0,0,0,0,2,0,0,0,0,0,0,2,0,0,0,2,0,0,0,0,0,5,12,0,0,0,9,0,0,18,0,0,0,0,0,0,39,0,6,0,0,0,0,1,2,1,1,1,0,0,1,0,0,0,0,0,0,0,0,0,0,0,1,0,0,1,0,0,4,0,0,0,0,0,0,0,0,0,0,0,34.4463492064,0,0,0,1,0,1,0,55.8,0,1,0
"122",0,0,0,91.5555555556,2,0,0,0,326.16,0,1,0,0,0,0,0,0,0,0,0,0,0,0,0,0,0,0,3,0,0,4,5,0,27.2,0,0,0,0,0,0,0,0,2,0,6,14,0,0,0,0,0,0,11,0,0,0,0,0,2,0,9,34,0,5,0,0,0,0,2,0,0,0,0,3,0,0,0,0,0,0,0,0,0,0,3,0,0,0,0,0,0,0,0,0,0,0,0,0,0,0,3,0,0,0,59.8,2,3,0
"123",0,0,0,0,26,4,0,0,1751.96,0,3,0,0,1,17,8,0,0,0,2,0,0,0,0,0,0,0,12,1,0,4.9166666667,6,1,4.6,0,0,0,0,0,5,15,0,0,0,84,37.6285714286,0,0,0,1,575,14,9,0,756.9625,4,0,0,1518,1,3,13,0,2,0,9,0,0,11,0,0,0,1,3.5,0,8,1,0,0,1,0,0,1,0,1,0,0,0,0,0,0,0,0,4,0,7,1,0,1,398.48,0,0,1,0,2,1,5,0
"124",7,0,92.3333333346,68.6666666667,2,4,0,0,1,12,24,1,51,1,1,1,0,0,0,0,0,0,0,74,44,34,0,17,0,0,0,0,0,1,0,0,0,0,0,0,11,0,0,0,13,4,0,0,0,1,1,13,3,0,1647.935,4,11.4602564104,0,509,0,0,2,4,0,0,21,0,0,1,0,0,0,0,0,3,5,9,0,0,0,0,0,0,0,0,0,86,30,0,0,0,3,0,160,0,5,13.3615873016,0,8,100.64,3,0,0,2,1,1,0,0
"125",3,0,82.0000000013,0,0,3,0,4,0,15,4,0,21,1,6,0,0,0,0,0,0,0,7,16,273,45,0,4,0,0,0,0,0,0,0,0,0,0,0,0,3,0,0,23.666666666,0,2,0,0,0,6,270.05,1,0,3.6,810.99,2,8.8451923078,0,83,0,0,0,2,0,0,1,0,0,0,0,0,0,0,3.5,0,5,10,0,0,2,0,0,0,0,0,0,96,10,0,0,0,39.875,0,16,0,5,4,0,1,17.68,1,0,3.7,2,0,0,4,0
"126",0,0,617.0000000114,0,0,9,0,1,0,5,0,0,0,0,1319,0,0,0,0,0,0,0,3,0,115,2,0,0,0,0,0,0,0,0,0,0,0,0,0,0,0,3,0,132.5999999971,1,0,0,0,0,28,568.2,0,1,0,221,0,12.8451923078,0,26,0,0,0,10,4,0,0,0,0,0,0,0,0,4,3.5,3,0,2,0,0,0,0,0,5,0,0,0,18,3,0,0,0,22,378,2,0,0,1,0,0,0,0,0,9,0,0,0,5,0
"127",0,0,859.3333333392,618.0000000003,0,0,0,2,0,0,4,1,0,0,44,0,0,0,0,0,0,0,0,0,14,0,0,0,0,0,0,0,0,0,0,0,0,0,0,0,0,18,0,29.333333333,0,0,0,0,0,3,0,0,1546.625,0,26,1,1,0,17,0,0,10,8,14,0,0,0,0,0,0,0,0,1,8.5,0,0,0,1,0,0,0,10,0,0,1,0,0,1,0,0,0,2,60,0,0,0,1,0,0,0,0,3.0133333334,40.3,0,0,0,27,18
"128",0,0,15.3333333335,7896.6666666705,0,0,0,2,0,3,0,0,0,0,8,0,123.8166666659,0,0,0,1,0,0,0,6,0,0,0,0,0,0,0,7.4909090908,0,0,0,1.03125,0,8,0,0,0,0,1.1333333333,0,1,0,0,0,1,0,0,6946.375,0,5,1,0,0,19,0,0,5,24,8,0,0,0,0,0,0,0,1,7,4,54,0,0,29,0,0,5.7485714287,10,0,0,0,0,0,0,0,4,0,0,13,0,0,0,2,0,92.8,2.72,0,33.133333334,277.5,0,0,0,2,15
"129",0,0,0,0,0,0,15,0,0,0,0,9,0,0,6,0,202.1833333321,0,0,0,0,3,0,0,0,0,0,0,0,24,0,0,9.4909090908,0,22.16,64,7.21875,0,3,0,0,0,0,0,0,0,1,8,0,2,0,0,4381.375,0,2,0,3,3,69,0,0,0,14,11,0,0,0,0,0,1,0,0,10,3.5,36,0,0,22,0,3,47.0800000003,0,0,0,0,0,0,0,0,19,2,0,4,0,0,0,5.3615873016,0,0,1,0,42.5733333337,4470.8,0,0,1,0,27
"130",0,0,2,0,0,0,14,2,3,1,0,91,0,0,2,0,81.3666666662,13,0,0,8,36,0,0,1,0,0,0,0,211.725,4,0,283.6181818181,7,133.72,179,46.15625,0,106,0,0,17,0,0,0,0,2,14,1,38,0,1,1020.75,0,0,0,0,6,64,3,0,0,13,6,0,0,0,8,0,31,0,2,12,6.5,27,0,0,0,0,16,21.3314285716,2,0,0,0,0,0,0,7,0,9,0,0,0,0,0,0,0,12.8,0,6,37.0133333334,2512.7,0,0,2,1,929
"131",0,8,0,14877.777777785,0,0,0,2,4,0,0,11,0,0,1,0,0,10,0,0,23,4,0,0,0,0,0,0,0,60.85,4.9166666667,0,11,0,2,2,2,0,1118,0,0,0,0,0,0,0,0,0,0,1,0,12,183,0,0,1,0,0,0,5,2,2,3,2,0,0,0,6,0,3,41,0,2,4,0,2,0,1,0,23.92,0,5,0,0,0,0,0,0,16,0,3,0,0,0,0,0,1,0,10,0,10,13.0133333334,144.2,0,0,3,0,438
"132",0,0,0,13139.666666673,0,0,0,0,11,0,0,19,0,0,2,0,0,3,0,0,32,0,0,0,0,0,8,1,0,1,2,3,3,0,0,0,0,0,987,3,4,0,0,0,0,5,0,0,0,3,0,40,272,0,0,2,0,0,1,4,11,1,1,6,0,0,6,1,1,4,7,0,7,0,0,0,0,0,1,6.32,1.5828571429,1,0,0,5,0,0,0,3,0,1,0,0,0,0,0,8,0,2,0,4,3,15,0,26.4,9,0,41
"133",0,1,0,11091.5555555609,0,0,0,0,6,0,0,7,0,0,0,0,0,2,0,3,1,0,0,0,0,0,2,2,0,0,2,51,0,0,0,0,0,0,321,8,0,0,2,0,0,23,0,0,0,0,0,0,71,0,0,1,0,0,0,1,17,14,1,11,0,0,2.04,0,0,0,0,0,14,0,0,0,0,0,0,0,0,0,0,0,49,0,0,0,0,0,0,0,0,0,0,1,70.2542857144,0,3,0,5,0,1.7,0,3,18,1,1
"134",0,0,0,7485.4444444476,1,0,0,0,220.16,3,0,2,0,0,0,0,0,1,6,75,0,0,0,0,0,0,1,11,2,0,3,28,0,1.6,1,0,0,77.84,126,65.7,15,0,0,0,2,58.3142857143,0,0,0,1,0,0,3,0,0,23,0,0,1247,0,9,27,1,2,0,0,0,0,2,0,8,4,43,6,0,2,1,0,0,0,0,0,1,0,13,0,0,0,0,0,0,0,0,0,0,5,144.5933333336,0,17,50.32,8,0,0,0,432.6,6,1,0
"135",2,0,0,32002.2222222317,55,0,0,5,654.48,9,45,5,0,0,0,4,0,0,3,34.56,0,0,0,20,4,21,0,29,0,0,4.9166666667,3,1,8.4,0,0,0,11.32,59,44,15,0,0,0,3,129.5714285715,0,0,0,4,93,0,0,0,4136.845,122,0,0,1423,0,3,29,2,2,0,34,0,1,4,4,39,22,48,0,0,6,14,0,0,0,0,0,0,0,2,0,8,0,0,0,0,1,0,130,1,15,158.7853968256,0,5,414.8,2,0,0,25,1059.4,2,2,2
"136",26,0,149.333333335,9778.6666666671,2,1,0,1,1,8,12,0,0,11,2,3,0,0,2,0,0,0,1,104,37,21,0,12,0,0,0,0,0,15.8,0,0,0,0,26,0,12,5,0,6,0,5,0,0,0,1,74,0,0,0,2733.95,39,5,0,71,0,2,1,3,0,0,1,0,0,1,0,43,2,24,0,0,2,0,0,0,0,0,0,0,0,0,0,83,19,0,0,0,0,9,86,0,3,55.4463492064,0,1,24.48,0,0,0,8,105.8,0,1,0
"137",3,0,433.3333333403,1786.8888888889,0,0,0,1,0,10,5,3,0,32,19,0,5.3833333333,1,0,0,0,2,0,15,136,21,0,8,0,0,1,0,0,20.6,1,0,0,1,7,1,8,118,0,11.3999999999,0,4,0,0,0,28,6.45,0,1,0,1422.985,22,11.8451923078,0,43,1,1,2,7,0,0,0,0,0,0,0,10,0,5,0,0,0,0,0,0,0,0,1,1,0,0,1,58,6,0,0,0,0,430,3,0,31,18.3615873016,0,0,1.36,1,0,0,0,6,0,1,0
"138",0,0,378.3333333401,150.8888888889,0,0,0,0,0,2,0,0,0,25,344,0,0,1,0,0,0,0,0,0,121,0,0,5,0,0,0,0,1,0,0,0,0,1,5,0,1,0,0,33.333333333,1,0,0,0,0,35,0,0,0,0,116,21,13,0,3,0,2,2,22,0,0,0,0,0,0,0,0,0,0,6.5,0,1,0,7.2857142858,0,0,0,202.8,0,0,0,0,2,3,0,0,0,0,60,0,0,1,4,0,0,0,0,0,0,0,0,0,1,0
"139",0,1,1.6666666667,70,0,0,0,0,0,0,0,1,0,1,0,0,0,4,0,0,0,0,3,0,4,0,0,0,0,0,0,0,0,0,0,0,0,0,0,0,5,0,0,1.1333333333,1,1,0,0,0,1,0,0,0,0,38,3,3.6150641026,0,3,0,0,1,11,2,0,0,0,0,0,0,1,0,0,2,1,0,0,3.4285714286,0,0,8.3314285716,12,0,0,0,6,0,1,0,0,1,0,4,0,0,0,3,0,0,0,0,4.5200000001,19.3,0,0,1,13,0
"140",0,0,0,759.1111111114,0,0,10,3,0,3,0,0,0,0,1,0,69.9833333329,7,0,1,0,12,1,0,4,0,1,0,1,0,1,0,9.3636363635,0,0,8,0,0,2,0,1,0,0,0,0,0,0,0,0,0,0,0,32,0,15,12,0,0,4,0,0,0,13,3,0,0,0,0,0,0,0,2,0,1,11,0,0,2,0,0,690.9371428703,4,0,0,0,7,0,0,0,11,1,33.875,1,0,0,0,13.0847619048,0,0,0,0,12.0533333336,208.5,0,26.4,0,2,0
"141",0,0,0,4245.111111113,0,0,28,1,0,0,0,0,0,0,5,0,336.2333333314,4,0,0,0,51,4,0,5,0,1,1,0,4,4,0,26.1090909089,0,122.44,36,8.03125,0,0,0,0,0,0,0,0,0,0,0,0,0,0,0,28,0,0,1,0,0,3,0,0,0,0,2,0,0,0,0,0,0,0,2,0,2,0,0,0,0,0,3,1650.8971428889,1,0,0,0,2,0,0,0,24,2,0,0,0,0,0,1,0,3.2,0,0,1,320.2,0,0,1,0,0
"142",0,3,0,2592.5555555568,0,0,6,1,0,0,0,0,0,0,4,0,87.3666666662,22,0,0,3,85,0,0,0,0,2,0,0,98.875,0,1,134.9818181816,0,24.72,17,0,0,1,0,0,0,0,0,0,0,0,0,0,0,0,1,8,0,0,2,0,0,0,3,0,0,0,5,0,0,0,7,0,2,0,6,0,0,0,1,1,0,0,31.64,395.8342857217,7,0,0,0,0,0,0,0,1,14,0,0,0,0,0,0,0,0,0,0,0,27.2,0,0,8,3,0
"143",0,2,0,1694.7777777786,0,0,0,0,0,0,0,0,0,0,0,0,6.3833333333,12,0,0,9,10,0,0,0,0,9,1,0,0,1,0,1,0,0,0,0,0,3,0,0,0,0,0,0,0,0,0,0,3,0,0,0,0,0,0,0,0,0,3,1,0,0,0,0,0,0,0,1,0,1,8,1,0,0,0,0,0,2,11,2,0,0,0,1,0,0,0,0,0,1,0,0,0,0,0,5,0,0,0,0,1,0,0,0,32,4,0
"144",0,0,0,434.8888888891,0,0,0,2,0,0,0,0,0,0,0,0,0,0,0,0,1,0,0,0,0,0,82,0,0,10.95,0,4,0,1.6,0,0,0,7.88,0,0,0,0,4,1,0,5,0,0,0,0,0,59,0,0,0,0,0,0,0,0,2,0,0,1,0,0,21,0,0,0,0,7,0,0,0,2,0,0,7,3,0,0,0,0,5,0,0,0,0,0,0,0,0,0,0,0,15,0,0,0,1,0,0,0,0,7,1,0
"145",0,0,0,2074.000000001,0,0,0,0,26,0,0,0,0,0,0,0,0,1,1,0,1,0,0,0,0,0,10,0,0,7.95,0,7,0,54.2,0,0,0,0,2,1,7,0,5,1,0,11,0,0,0,0,0,6,0,0,1,0,0,0,0,1,0,0,0,1,0,0,1,0,1,0,0,2,0,1,0,2,0,0,1,0,0,0,0,0,41,0,0,0,0,0,0,0,0,0,0,0,17.7231746032,0,0,0,1,0,0,0,0,6,0,0
"146",0,0,0,964.7777777782,1,0,1,0,380.32,0,0,0,0,1,0,0,0,0,0,10.68,0,0,0,0,0,0,0,3,0,1,1,7,0,28.2,0,0,0,0,0,25,5,0,0,1,1,3,0,0,0,0,1,0,0,0,2,0,0,0,0,0,0,3,0,1,0,0,0,0,0,0,0,6,2,0,0,8,0,0,0,0,0,0,0,0,31,0,0,0,0,0,0,1,0,1,2,27,7,0,0,0,5,0,0,0,0,6,1,0
"147",0,0,4.3333333334,1866.1111111119,14,4,0,0,327.16,0,0,0,0,5,1,5,0,0,3,8.56,0,0,0,0,0,0,0,3,1,0,2,2,0,1,0,0,0,21.64,0,42.7,25,0,0,0,25,6.3142857143,0,0,0,1,23,0,4,0,426.98,2,0,0,1292,0,4,11,0,0,0,0,0,0,0,0,0,22,2,1,0,33.7,11,0,0,0,0,0,0,0,6,0,7,0,0,0,0,1,0,1,0,14,6,0,2,131.92,0,0,1.7,0,0,3,7,0
"148",0,0,0,1298.555555556,18,25,0,0,0,0,0,0,18,32,18,1,0,0,1,0,0,0,0,68,0,29,0,5,1,0,1,0,0,0,0,0,0,0,0,8,0,0,0,6.5333333332,19,5.3142857143,0,0,0,2,178.9,0,0,0,5615.8875,0,0,0,1439,0,3,1,1,0,0,11,0,0,0,0,0,5,1,0,0,8,16,0,0,0,0,0,0,0,1,0,20,3,0,0,0,2,7,91,0,6,6.3615873016,0,1,1107.04,0,0,1,18,0,0,4,0
"149",0,0,92.333333335,626.1111111113,0,29,0,0,0,0,0,0,0,56,121,0,0,0,0,0,0,0,65,210,13,17,0,0,0,0,19.8333333334,0,0,0,0,0,0,1,0,4,1,0,0,50.999999999,0,2,0,0,0,0,13,0,10,0,1611,0,0,0,126,0,0,0,1,0,0,5,0,0,0,0,0,2,0,1,0,2,2,0,0,0,0,0,0,0,0,0,32,124,0,0,0,21,15,12,0,6,3,0,0,80.24,0,0,0,54,0,1,2,0
"150",0,0,454.6666666721,11,0,7,0,0,0,90.375,0,0,0,8,2,0,0,0,0,0,0,0,30,0,96,0,0,0,0,0,14.8333333334,0,0,0,0,0,0,0,0,0,1,0,0,11.7999999998,0,0,0,0,0,0,0,0,1,0,482,0,40.075320513,0,56,0,0,0,13,0,0,1,0,0,0,0,0,1,0,0,0,1,1,0,0,0,0,20,0,0,0,0,1,16,0,0,0,0,1,1,0,8,4,0,0,24.48,0,0,4.4,3,0,1,22,0
"151",0,0,0,0,0,0,0,0,0,0,0,0,0,17,0,0,0,0,0,0,0,0,0,0,25,0,0,0,0,0,5,0,0,0,0,0,0,0,0,0,1,0,0,1.1333333333,0,0,0,0,0,3,0,0,472.75,0,23,0,29.8451923078,0,2,0,0,2,40,2,0,0,0,0,0,0,0,0,0,0,0,0,0,25.4285714288,0,0,24.5771428577,46,0,0,0,0,0,0,0,0,1,0,0,0,0,0,0,0,0,1.36,0,0,161.6,0,0,0,2,0
"152",0,1,0,0,0,0,16,0,0,0,0,0,0,0,2,0,0,0,0,0,0,0,0,0,1,0,0,0,0,91.425,1,0,0,0,0,0,1,0,0,0,3,0,0,0,0,0,0,0,0,0,0,0,2907.625,0,2,0,1,0,9,0,0,6,10,6,1.0625,0,0,1,0,0,0,0,0,0,0,0,0,21.2857142858,0,2.32,228.4514285758,13,0,0,0,0,0,0,0,6,0,0,0,0,0,0,3,0,0,0,0,0,221.9,0,0,0,14,0
"153",0,1,0,0,0,0,802.8416666668,0,0,0,0,0,0,0,1,0,0,0,0,0,0,0,0,0,0,0,0,0,0,60.9,4,0,3,0,0,0,0,0,3,0,4,0,0,0,0,2,0,0,0,0,0,0,7625.75,0,27,0,0,0,1,2,0,0,1,13,0,0,0,2,1,0,0,0,0,0,0,0,1,0,0,61,201.0400000039,6,0,0,0,1,0,0,0,24,12,0,0,0,0,0,0,0,0,0,0,0,1,1,0,3,0,0
"154",0,11,0,0,0,0,3,0,0,0,0,0,0,0,0,0,0,0,0,0,0,0,0,0,0,0,0,0,0,98.75,1,0,0,0,0,0,0,1,8,0,3,2,0,0,1,0,0,0,0,2,0,0,2720.75,0,0,0,0,0,0,9,0,0,1,5,0,0,0,6,0,0,9,0,1,0,0,0,0,1,0,46.32,4.7485714287,0,0,0,0,0,0,0,0,0,9,0,0,0,0,0,0,0,0,0,0,0,1,0,0,11,0,0
"155",0,23.5,0,0,0,0,0,0,0,0,0,0,0,0,1,0,0,0,0,0,13,0,0,0,0,0,0,2,0,4,0,0,5.6181818181,0,0,0,0,0,3,0,6,0,0,0,0,1,0,0,0,1,0,0,595,0,0,0,0,0,0,1,1,0,0,2,0,0,0,0,0,0,6,0,0,2,0,0,0,0,8,16.64,0,0,0,0,18,0,0,0,0,0,24,0,0,0,0,0,1,0,0,0,0,0,0,0,0,4,0,0
"156",0,0,0,0,0,0,0,0,0,0,0,0,0,0,0,0,0,0,0,0,11,0,0,0,0,0,1,0,0,0,0,6,2,8.4,0,0,0,0,0,0,0,0,2,0,0,0,0,0,0,0,0,0,98,0,0,0,0,0,4,0,1,0,5,0,0,1,54.28,0,0,0,0,0,0,0,0,0,0,0,0,0,0,0,0,0,13,0,0,0,0,0,2,0,0,0,0,2,1,0,0,0,0,0,3.7,0,0,1,0,0
"157",0,1,0,22.8888888889,0,0,0,0,1,0,0,0,0,0,0,0,0,0,0,0,0,0,0,0,0,0,0,1,0,0,1,19,0,1,0,0,0,0,1,1,2,0,6,0,0,1,0,0,0,0,0,48,64,0,0,0,0,0,7,0,1,0,3,0,0,0,1,0,2,9,1,0,0,0,0,0,0,0,0,1,4,0,0,0,17,0,0,0,0,0,0,4,0,0,0,0,0,0,0,0,2,0,7.8,0,0,1,0,0
"158",0,0,0,101.5555555556,12,0,0,0,170.16,1,0,0,0,0,0,0,0,0,6,3,0,0,0,0,0,0,0,1,0,0,1,17,0,1,0,0,0,0,0,0,11,0,1,0,0,1,0,0,0,0,0,0,5,0,2,0,0,0,0,0,2,1,3,0,0,0,0,0,0,6,5,3,1,0,0,0,0,0,0,1,1.5828571429,0,0,0,12,0,0,0,0,0,0,0,0,0,0,0,1,0,2,0,0,0,5,0,96.2,0,1,0
"159",11,0,0,10,23,0,0,0,956.48,1,0,0,0,0,0,1,0,0,3,0,0,0,0,5,0,1,0,0,2,0,9.8333333334,2,0,5.6,0,0,0,174.64,0,0,2,0,0,0,1,0,5,0,4,1,7,0,0,0,411.9825,1,0,0,147,0,0,3,4,0,0,0,0,0,1,9,3,2,0,3,0,3,11,0,0,0,24.4971428574,0,0,0,0,2,2,0,0,0,0,0,0,0,12,2,3,1,3,77.16,0,0,0,0,93.4,1,5,0
"160",17,0,0,148.3333333334,10,18,0,0,248.16,0,0,0,0,5,1,1,10.7666666666,0,0,0,0,0,0,21,10,6,0,1,4,0,0,0,0,338.4,0,0,0,35.92,3,0,3,0,0,0,0,4,0,0,0,5,7,0,0,0,4038.92,0,0,0,439,0,0,4,11,0,0,8,0,0,1,8,4,0,0,19,0,4,14,0,0,0,50.5771428577,0,0,0,0,0,32,0,0,0,0,107.75,0,3,0,4,7.3615873016,0,25.2,1066.24,4,0,0,0,74.8,0,1,0
"161",4,0,0,160.2222222223,0,0,0,1,0,0,0,0,0,76,22,0,0,0,0,0,0,0,61,77,85,11,0,0,0,0,1,0,0,418,0,0,0,12.44,0,0,1,0,0,3.3999999999,1,2,0,0,0,2,1104.8,0,6,1.2,2452.99,0,0,0,255,0,0,0,7,1,0,1,0,0,0,2,0,2,0,3.5,1,2,13,0,0,0,3.5828571429,0,0,0,1,0,174,7,0,0,0,27,69,165.3,0,6,24.807936508,0,2,99.28,1,0,0,0,3,0,7,0
"162",0,0,714.3333333436,392.2222222224,0,2,0,3,0,0,0,0,0,94,15,0,0,0,0,0,0,0,14,0,48,1,0,0,1,0,10.8333333334,1,0,10,0,0,0,0,1,0,0,1,0,24.5333333332,0,0,0,0,0,6,0,10.4,0,1.2,485,0,34.8451923078,0,56,0,0,0,3,0,0,0,0,0,0,0,0,0,0,3.5,0,0,1,0,0,0,0,19,1,0,0,0,25,0,0,0,0,45.875,18,3,0,7,7.3615873016,0,0,13.6,0,0,4,1,0,0,7,0
"163",0,0,1215.0000000146,269.0000000001,0,0,0,0,0,0,0,0,0,38,156,0,0,1,0,0,0,0,5,0,16,0,0,0,0,0,0,0,0,1,3.44,18,0,0,0,0,0,0,0,5.5333333332,0,0,0,0,0,10,0,0,0,0,128,0,22.075320513,0,31,0,0,1,58,15,0,0,0,0,0,0,0,0,0,9,0,2,0,8,0,0,1.5828571429,184.4,0,0,0,0,0,0,0,1,0,5,0,0,0,1,0,0,0,9.52,0,0,8.5,0,0,0,41,0
"164",0,0,2,867.3333333337,0,0,0,0,0,0,0,0,0,0,120,0,5.3833333333,0,0,0,0,0,3,0,0,0,0,0,0,3.975,0,0,1.8727272727,0,1.72,7,0,0,0,0,3,0,0,0,0,0,0,0,0,0,0,0,245,0,10,0,1,0,4,0,0,7,94,28,0,0,0,0,0,0,0,0,0,0,4,0,0,16,0,0,198.2971428604,24,0,0,0,0,0,0,0,1,1,0,0,0,0,0,2,0,0,6.8,0,0,398.4,0,0,0,25,7
"165",0,17.5,0,771.4444444448,0,0,920.8416666668,1,0,0,0,0,0,0,50,0,140.9666666658,1,0,0,0,0,1,0,1,0,0,0,0,0,0,0,12.2363636362,0,11.44,6,0,0,1,0,3,2,0,0,0,0,0,0,0,0,0,0,806.375,0,0,0,0,0,1,0,0,7,14,7,0,1,0,3,0,1,133,0,0,0,0,0,0,3,0,1,1214.5371428838,2,0,0,0,0,0,0,1,64,4,0,0,0,0,0,12.7231746032,0,0,0,0,0,1501.3,0,0,6,4,61
"166",0,2,0,4852.4444444468,0,0,261.2805555556,1,0,0,0,0,0,0,22,0,62.2166666663,31,0,0,0,0,0,0,1,0,0,0,0,103.7,0,0,11.7454545454,0,12.72,2,0,0,277,0,3,1,0,0,0,0,0,0,0,34,0,0,214,0,0,0,0,0,0,4,0,0,2,2,1,0,0,4,0,0,0,0,0,4.5,0,0,0,0,0,48.16,283.0171428631,61,0,0,0,0,0,0,24,4,5,0,0,0,0,0,30.0847619048,0,0,0,1,0,384.1,0,0,6,0,880
"167",0,12,0,3215.444444446,0,0,0,0,0,0,0,0,0,0,0,0,0,9,1,0,0,0,0,0,0,0,0,0,0,0,0,1,0,0,0,0,0,0,495,1,1,0,0,0,0,0,0,0,0,3,0,0,42,0,0,0,0,0,0,4,0,0,0,1,0,0,2,0,1,0,157,0,0,0,0,0,0,1,0,22.28,38.657142858,2,0,0,0,0,0,0,22,0,15,0,0,0,0,0,0,0,0,0,1,0,3,0,0,3,0,176
"168",0,2,0,2944.7777777792,0,0,0,0,4,0,0,0,0,0,2,0,0,3,0,0,0,0,0,0,0,0,5,1,0,0,0,0,1.8727272727,0,1,0,0,0,178,4.85,0,0,0,0,0,0,0,0,0,1,0,0,3,0,0,0,0,0,0,0,0,0,0,1,0,0,19,0,0,1,6,0,0,0,0,0,0,0,1,2,7.3314285716,36.8,0,0,1,0,0,0,4,0,0,0,0,0,0,0,6,0,0,0,0,0,0,0,0,7,1,0
"169",0,1,0,8747.888888893,0,0,1,0,232.16,0,0,0,0,0,0,0,0,0,0,21.56,0,0,0,0,0,0,0,2,0,0,0,26,0,0,0,0,0,0,44,7,1,0,2,1,0,1,0,0,0,1,0,22,0,0,0,5,0,0,1,1,0,5,1,0,0,0,2,0,0,1,1,3,3,0,0,0,0,0,2,0,0,0,0,0,37,0,0,0,0,0,1,1,0,0,0,0,25.0847619048,0,0,0,4,0,1,0,0,3,0,0
"170",0,0,0,16021.0000000076,2,0,0,0,1163.96,0,0,0,0,0,3,2,0,0,0,95.56,0,0,0,0,0,0,0,0,0,0,1,54,0,0,0,0,0,19.72,8,1,7,0,0,0,4,0,0,0,0,0,0,20,0,0,1,5,0,0,0,0,0,2,1,0,0,0,0,0,2,2,2,1,4,1,0,0,0,0,0,0,0,0,1,0,6,0,0,0,0,0,0,0,0,0,0,2,1,0,0,0,3,0,0,0,3,4,2,0
"171",0,0,0,3762.0000000014,21,0,0,0,1786.6,0,0,0,0,0,2,2,5.3833333333,1,1,44.12,0,0,0,0,1,0,0,4,8,0,3,6,0,7.2,0,0,0,4.44,3,15.7,52,1,4,0,19,2,0,0,0,0,0,7,1,0,28,8,0,0,662,0,14,1,4,0,0,0,0,0,0,0,11,3,2,0,0,0,1,0,0,0,0,0,0,0,1,0,1,0,0,0,0,0,0,7,0,8,5.3615873016,0,0,62.56,3,0,1,0,5,0,2,2
"172",16,0,0,14683.0000000034,4,12,0,0,1,95,1,0,0,1,8,9,0,0,1,1,0,0,6,48,10,8,0,11,90,0,4.9166666667,0,0,20.6,0,0,0,0,0,0,33,0,0,0,120,1,0,0,0,1,25,0,0,0,3066.915,8,0,0,1162,0,0,0,0,0,0,1,0,0,0,13,56,3,2,1,0,1,9,0,0,0,0,0,0,0,0,0,44,23,0,0,0,105.625,1,28,0,18,22.4463492064,0,1,520.88,7,0,0,8,28.4,1,3,0
"173",8,0,17.3333333336,8422.6666666677,0,2,0,7,1,39,0,0,0,0,179,0,0,0,0,0,0,0,9,34,98,12,0,6,2,0,5.9166666667,0,0,9.4,0,0,0,1,1,1,2,0,0,0,17,4,0,0,0,4,696,0,0,0,2878.995,3,2,0,378,0,0,1,7,0,0,0,0,0,0,2,22,0,0,0,3,1,8,0,0,2,0,0,2,0,0,0,57,21,0,0,0,39,1,173,0,0,7,0,0,97.92,1,0,3,6,0,0,7,0
"174",1,0,421.0000000056,1606,0,2,0,1,0,8,0,0,0,0,148,2,0,2,0,0,0,0,3,0,63,1,0,4,0,0,7,0,0,0,0,0,0,0,0,0,0,49,0,8,2,0,0,0,0,15,1,0,0,0,492,0,9,0,72,0,0,0,9,0,0,0,0,0,0,1,0,0,0,0,1,1,1,0,0,0,0,7,0,0,0,0,26,1,0,0,0,34.875,0,2,0,0,0,0,0,4.08,0,0,3,0,0,0,4,0
"175",0,0,56.6666666676,500,0,0,0,1,0,0,0,0,0,0,94,0,0,0,0,0,0,1,0,0,3,0,0,0,0,0,0,0,0,0,0,2,0,0,0,0,0,11,0,4,0,0,0,0,0,32,0,5,3,0,88,0,20.6150641026,0,13,0,0,0,7,9,0,0,0,0,0,0,0,0,1,14,6,0,0,3,0,0,0,901.6,0,0,0,0,0,0,0,0,0,2,0,0,0,0,1,0,0,0,0,0,1,0,0,0,9,0
"176",0,0,0,350,0,0,0,0,0,4,0,0,0,0,1,0,0,3,0,0,0,0,0,0,1,0,0,0,0,14.975,0,0,6.7454545454,0,0,4,0,0,1,0,2,0,0,0,1,0,0,0,0,2,0,0,57,0,9,0,9.6150641026,0,1,0,0,0,0,8,0,0,0,0,0,0,0,0,0,2,13,1,0,12.8571428572,0,0,6.7485714287,314.6,0,0,0,0,0,0,0,4,0,0,0,0,0,0,0,0,0,0,0,0,38.9,0,0,0,5,0
"177",0,0,0,1521.2222222228,0,0,3,0,0,29.125,0,1,0,0,2,0,132.1999999992,1,0,0,0,0,0,0,0,0,0,0,0,56.75,0,0,41.7090909086,0,3.44,8,1.03125,0,0,0,3,0,0,0,0,0,0,0,0,2,0,0,104,0,0,0,0,0,2,0,0,0,0,8,0,0,0,0,0,0,1,0,0,0,92,0,0,9.4285714286,0,0,342.428571435,43,0,0,0,0,0,1,0,63,0,0,0,0,0,0,4.3615873016,0,0,0,0,0,808.9,0,0,1,4,0
"178",0,0,0,1878.5555555564,0,0,56,0,0,0,0,36,0,0,46,0,235.4833333319,12,0,0,0,36,0,0,0,0,0,0,0,131.625,5,0,149.3636363635,0,37.72,22,19.1875,0,9,0,1,0,0,0,0,0,0,0,0,1,0,0,18,0,0,0,0,0,10,1,0,1,0,9,0,1,0,1,1,0,0,1,0,0,13,1,0,0,0,4,1248.8228571663,3,0,0,0,0,0,0,15,15,3,0,0,0,0,0,1,0,0,0,2,2.5066666667,1664,0,0,23,2,2
"179",0,0,0,113,0,0,1,0,2,0,0,5,0,0,1,0,0,9,0,0,0,26,0,0,0,0,0,0,0,16.975,3,0,47,0,8,6,3.03125,0,98,0,0,0,0,0,0,0,0,0,0,22,0,17,1,0,0,0,0,0,5,3,0,0,0,2,1.0625,0,0,0,0,0,23,3,1,0,1,0,0,0,0,56.92,33.4114285719,1,0,0,0,0,0,0,4,0,3,0,0,0,0,0,0,0,0,0,1,6.0133333334,38.5,0,0,13,0,0
"180",0,0,0,2861.1111111125,0,0,0,0,10,0,0,1,0,0,1,0,0,2,0,0,17,1,0,0,0,0,2,3,0,0,1,2,0,0,0,0,0,0,121,0,1,0,0,0,0,1,0,0,0,2,0,44.2,0,0,0,0,0,0,0,0,1,0,0,0,1,0,47.36,0,0,0,37,16,6,1,0,0,0,0,1,63.88,23.4114285719,0,0,0,0,0,0,0,51,0,1,47.875,0,0,0,0,19,0,0,0,1,5.5200000001,0,0,0,25,2,0
"181",0,0,0,7474.0000000036,0,0,0,0,210.16,0,0,0,0,0,0,0,0,0,1,0,13,0,0,0,0,0,4,1,0,0,0,10,0,0,0,0,0,0,14,0,0,0,4,1,0,16,0,0,0,0,0,9,0,0,0,0,0,0,0,2,0,0,0,5,1,0,10,0,0,0,3,4,5,0,0,0,0,0,0,0,2,0,0,0,0,0,0,0,2,0,2,2,0,0,0,0,27,0,0,0,11,0,0,0,0,5,0,0
"182",0,0,0,11210.0000000054,1,0,0,1,275.16,2,0,1,0,0,0,0,0,0,0,6.56,0,0,0,0,0,0,0,3,0,0,0,7,0,128.8,0,1,0,0,2,37,6,0,0,0,0,10,0,0,0,0,0,1,0,0,0,1,0,0,0,0,2,4,3,0,2,0,0,0,0,2,0,6,17,0,0,0,0,0,0,0,0,0,0,0,3,0,0,0,0,0,0,3,0,0,0,0,30.7231746032,0,0,3,5,0,0,0,200.8,8,0,0
"183",2,0,0,9877.6666666714,35,2,0,0,1046.64,1,7,5,0,0,0,9,0,0,0,11,0,0,0,0,0,0,0,8,3,0,0,3,0,174.2,0,0,0,70,0,121.25,21,0,0,0,5,2,0,0,0,0,0,0,0,0,24,5,0,0,1,0,1,45,3,0,0,0,0,0,1,0,0,16,19,0,0,4,0,0,0,1,0,0,0,0,1,0,0,0,0,0,0,41.875,1,0,0,1,61.0847619048,0,0,0,2,0,0,0,437.2,8,1,0
"184",37,0,0,4495.1111111121,13,10,0,0,2,1,5,6,0,11,8,7,0,51,0,2,0,0,0,67,0,20,0,17,0,0,0,0,1,45.4,0,0,0,3,8,117.95,3,0,0,0,0,2,0,0,0,3,489.9,3,0,0,4629.9,0,0,0,613,0,0,5,4,0,0,11,0,0,1,0,1,5,23,0,1,6,8,0,0,0,0,0,0,0,0,0,67,48,0,0,0,4,6,12,0,3,416.9774603176,0,1,1081.48,5,0,0,0,498,0,11,0
"185",3,0,25.666666667,2134.888888889,0,17,0,0,0,0,1,5,0,26,57,1,0,0,0,0,0,0,1,24,28,25,0,3,0,0,0,0,0,64.4,0,0,0,0,0,9,5,0,0,4.1333333333,0,2,0,0,0,0,1568,0,0,1.2,4472.9925,1,4.6150641026,0,157,0,0,1,6,0,0,4,0,0,1,3,0,0,3,0,0,1,2,0,0,0,0,0,0,0,0,0,90,49,0,0,0,44,88,107,3,0,46.3615873016,0,0,144.16,2,0,0,0,28,1,1,0
"186",0,0,1221.3333333441,364.7777777778,1,7,0,1,0,0,0,0,0,59,137,0,5.3833333333,7,0,0,0,0,1,2,196,0,0,2,0,0,0,0,0,9,0,0,0,0,0,3,3,14,0,13.1333333333,0,0,0,0,0,3,0,0,0,31.2,918,0,25.6903846156,0,57,0,0,0,0,1,0,0,0,0,0,0,1,0,0,3,0,0,0,1,0,0,0,0,0,0,0,0,23,1,0,0,0,11,10,3,0,0,10.3615873016,0,0,17.68,0,0,0,0,0,0,6,40
"187",0,0,21.0000000002,807.1111111113,0,2,0,4,0,0,0,0,0,6,117,0,0,1,0,0,0,1,0,0,155,2,0,0,0,0,1,0,7.6181818181,4,0,1,0,0,0,0,2,0,0,0,0,0,0,0,0,11,0,1,396.75,13,140,0,22.4602564104,0,10,0,0,12,24,87.5,0,0,0,0,0,0,0,0,0,19,1,13,0,13,0,1,6.3314285716,14,0,0,0,0,0,0,0,0,0,5,0,0,0,0,2,0,0,4.08,0,0,45.8,0,0,0,34,24
"188",0,0,0,562.3333333336,0,0,2,0,0,0,0,0,0,0,3,0,16.1499999999,0,0,0,0,3,0,0,2,0,0,1,0,15.9,0,6,80.0363636353,0,4.44,0,0,0,0,0,0,0,0,0,0,0,0,0,0,0,0,32.2,202,1.2,0,0,1,0,1,0,0,23,10,89.5,0,0,0,0,0,0,0,1,0,0,1,0,0,9.4285714286,0,2,109.9771428592,11,0,0,0,0,0,0,0,0,0,0,0,0,0,0,1,0,0,0,0,0,327.1,0,0,0,4,33
"189",0,1,1,147.3333333334,0,0,27,2,0,0,0,0,0,0,15,0,92.5166666661,4,0,0,0,3,0,0,0,0,0,0,0,20.975,2,0,67.9636363632,0,11,0,3.09375,0,26,0,0,0,0,0,0,0,0,0,0,0,0,0,3061,2.4,0,1,0,0,0,0,0,3,4,47,0,0,0,0,0,0,0,0,0,0,0,2,0,0,0,6.28,612.400000009,0,0,0,0,0,0,142,0,58,1,0,0,0,0,0,0,0,0,0,0,0,123.5,0,0,0,0,54
"190",0,0,0,91.5555555556,0,0,0,0,0,0,0,1,0,0,3,0,0,5,0,0,3,5,0,0,0,0,0,0,0,141.825,1,0,49.8727272727,0,6,0,0,0,169,0,0,0,0,0,0,0,0,0,0,0,0,0,641,0,0,0,0,0,0,1,0,0,4,16,0,0,0,4,0,0,30,1,0,4,0,1,1,1,0,41.28,76.3200000012,46,0,0,0,0,0,0,3,23,4,0,0,0,0,0,0,0,0,1,0,0,12,0,0,4,0,3
"191",0,9,0,45.7777777778,0,0,0,5,0,0,0,0,0,0,0,0,0,1,0,0,2,2,0,0,0,0,11,0,0,0,1,1,0,0,0,0,0,0,107,0,2,0,0,0,0,0,0,0,0,2,0,1,132,0,0,0,0,0,0,1,2,0,0,4,0,0,0,0,0,0,54,2,0,0,0,0,0,0,1,9,3.5828571429,9,0,0,0,0,0,0,4,0,6,0,0,0,0,0,1,0,0,0,0,0,0,0,0,27,0,0
"192",0,1,0,5937.2222222251,0,0,0,0,8,0,0,0,0,0,1,0,0,0,0,0,26,0,0,0,0,0,19,0,0,0,6,7,0,0,0,0,0,0,13,1,1,0,0,0,0,1,0,0,0,0,0,0,16,0,0,0,0,0,0,0,2,0,0,3,0,0,28.16,0,0,0,51,6,0,0,0,0,0,0,0,3,4.7485714287,0,0,0,0,0,0,0,0,0,0,0,0,0,1,2,1,0,0,0,0,0,0,0,0,99,0,0
"193",0,1,0,2554.2222222234,2,0,0,0,228.16,0,0,0,0,0,2,0,0,0,0,6,0,0,0,0,0,0,0,0,0,0,3,18,1,0,0,0,0,1.44,3,1,2,0,1,0,0,0,0,0,0,0,0,0,1,0,0,4,0,0,1,0,0,0,1,6,0,0,3,0,0,1,0,3,0,0,0,2,1,0,0,0,1.5828571429,0,0,0,0,0,0,0,0,0,0,101.625,0,0,30,0,0,0,0,0,0,0,1.7,0,1,16,4,0
"194",0,0,0,4866.4444444465,14,0,0,0,1500.12,1,0,1,0,0,6,1,0,0,0,18,0,0,0,0,0,0,0,1,0,0,6.9166666667,24,0,0,0,0,0,158.28,1,0,8,0,0,0,2,6,0,0,0,1,0,0,1,0,0,4,0,0,42,0,0,7,3,0,0,0,0,0,0,4,2,2,3,1,0,0,0,0,0,0,0,4,0,0,1,0,0,0,0,0,0,0,0,0,2,2,0,0,0,77.52,2,0,3,0,0,14,2,1
"195",0,0,0,5937.6666666687,78,3,0,0,708.48,1,0,1,0,1,0,7,0,0,1,0,0,0,0,1,0,3,0,27,0,0,2,3,0,0,0,0,0,11,0,1,7,0,0,0,1,17,0,0,0,2,0,1,0,0,124.9975,9,0,0,512,1,1,1,3,2,0,4,0,0,4,4,11,2,1,6.5,0,11,2,0,0,0,1.5828571429,0,0,0,0,0,7,0,1,0,0,0,0,12,0,3,0,0,0,772.48,4,0,0,14,0,3,13,0
"196",1,0,2,2269.1111111114,22,7,0,0,15,22,0,1,0,17,0,2,0,0,1,0,0,0,0,138,56,19,0,7,0,0,7,2,0,0,0,0,0,0,1,0,4,4,0,0,1,4,0,0,0,0,0,3,0,2.4,950.96,15,1,0,111,0,1,0,10,0,0,1,0,0,0,4,8,0,0,6.5,0,11,2,0,0,0,15.828571429,0,0,0,1,0,90,40,0,0,0,35.875,0,66,2,1,0,0,0,43.52,1,0,0,26,0,0,7,0
"197",0,0,0,189,1,5,0,0,0,14,0,0,0,51,5,2,0,145,0,0,0,0,6,16,325,16,0,1,1,0,1,0,0,0,0,0,0,0,0,0,1,17,0,0,0,1,0,0,0,16,408.75,4,0,0,149,2,13.8451923078,0,2,0,1,0,10,0,0,0,0,0,0,0,0,0,0,0,0,0,0,0,0,0,0,0,0,0,0,0,26,14,0,0,0,3,2,19,0,17,4,0,0,0,0,0,1,2,0,1,4,0
"198",0,0,32.6666666671,35,0,3,0,1,0,2,0,0,0,94,244,1,0,20,0,0,0,0,10,0,159,1,0,3,0,0,0,0,0,32,0,0,0,0,0,0,0,38,0,2.2666666666,0,0,0,0,0,72,513.75,40.8,1,1.2,13,0,16.6150641026,0,0,0,0,7,98,0,0,0,0,0,0,1,0,0,0,12.5,0,0,0,0,0,0,0,5,12,0,0,0,2,3,0,0,0,5,6,2,0,4,2,0,0,0,0,0,1,0,0,11,6,0
"199",0,0,33.3333333335,730.0000000002,0,0,0,0,0,0,0,0,0,1,2,0,0,0,0,0,1,2,1,0,19,0,0,0,0,0,4.9166666667,0,0,100.6,0,0,0,0,0,0,1,2,0,0,0,1,0,0,0,8,0,0,81,0,2,1,3,0,0,0,0,11,149,1,0,0,0,0,0,1,2,0,0,9.5,0,0,0,7,0,0,0,89,0,0,0,2,0,1,0,0,1,0,0,0,0,0,1,0,0,0,0,0,1,1,0,0,14,0
"200",0,0,0,3144.7777777792,0,0,0,0,0,0,0,0,0,0,0,0,0,0,0,0,0,10,0,0,2,0,0,1,0,136.15,0,0,0,1,0,0,0,0,0,0,0,0,0,0,0,0,0,0,1,0,0,0,3051.375,0,0,2,0,0,0,0,0,0,23,2,0,0,0,0,0,0,0,0,0,1,65,0,0,9,0,1,45.1600000006,9,0,0,0,6,1,1,0,7,0,0,0,0,0,0,0,0,0,0,0,9.0266666668,100.8,0,0,0,1,0
"201",0,0,0,4149.8888888909,0,0,11,7,0,0,0,0,0,0,1,0,43.0666666664,2,0,0,0,29,0,0,0,0,0,0,0,105.375,0,7,61.9454545448,0,45.44,47,62.78125,0,0,0,0,0,0,0,0,0,0,0,0,0,0,0,2523,0,0,0,0,0,0,0,0,0,1,13,0,0,0,0,2,0,0,0,0,3.5,7,1,2,5,0,0,504.0800000078,0,0,0,0,5,0,0,0,13,4,0,0,0,0,0,0,0,0,0,0,12.0533333336,2334.4,0,0,0,0,0
"202",0,8.5,0,640.8888888892,0,0,0,0,0,0,0,13,0,0,23,0,16.1499999999,34,1,0,0,161,0,0,0,0,0,0,0,101.525,20.6666666668,0,203.2363636362,0,67,19,61.3125,0,131,0,1,0,0,0,0,0,0,0,0,0,0,0,1106.5,0,0,0,0,0,0,5,0,0,0,7,0,0,0,2,0,1,6,0,0,0,10,0,0,0,0,21.28,162.3885714311,0,0,0,0,0,0,0,4,0,2,0,0,0,0,0,0,0,0,0,0,134.1733333342,887,0,0,3,0,2
"203",0,18,0,0,0,0,0,0,0,0,0,0,0,0,0,0,0,2,0,0,3,21,0,0,0,0,0,0,0,13.925,0,1,2.8727272727,0,1,0,1,0,870,0,0,0,0,0,0,0,0,0,0,1,0,0,27,0,0,0,0,0,0,2,1,0,0,1,0,0,0,2,0,0,58,0,0,0,0,0,0,0,0,27.64,2,0,0,0,0,0,0,0,2,0,0,0,0,0,0,0,0,0,0,0,0,13.5066666667,47.1,0,0,2,0,0
"204",0,0,0,1213.1111111117,0,0,0,0,0,29.125,0,0,0,0,0,0,5.3833333333,2,0,0,41,1,0,0,0,0,1,2,0,0,2,1,0,0,0,0,0,0,767,0,0,0,3,1.1333333333,0,0,0,0,0,2,0,0,8,0,0,0,0,0,1,0,1,1,0,0,1,0,26.16,0,0,0,14,0,0,0,0,1,0,0,3,33.96,1,0,0,0,0,0,0,0,3,0,1,0,0,0,0,0,11,0,0,0,0,0,2.7,0,0,2,0,0
"205",0,0,0,5481.6666666693,0,0,0,0,10,0,0,0,0,0,3,0,0,0,2,0,0,1,0,0,0,0,0,1,0,3.975,12.8333333334,30,0,0,0,0,0,0,72,2,0,0,1,4.3999999999,0,1,0,0,0,0,0,25,1,0,0,7,0,0,0,0,1,8,0,0,2,0,16,0,0,0,0,0,0,3,0,1,0,0,0,0,1.5828571429,0,0,0,4,0,0,0,0,0,1,0,0,0,0,0,9,0,0,0,0,0,0,0,0,4,1,0
"206",0,0,0,4542.5555555577,1,0,0,0,179.16,0,0,0,0,0,11,2,0,1,0,60.68,0,0,0,2,0,2,0,0,0,0,4.9166666667,74,0,1,0,0,0,26.6,17,79.85,9,0,0,2,3,2,0,0,0,1,0,2,1,0,0,36,0,0,2,0,1,30,0,0,1,0,0,0,0,0,5,0,0,3,0,5,0,0,0,0,0,0,0,0,1,0,0,0,0,0,0,0,0,0,0,2,37.3615873016,0,0,3,0,0,0,0,0,4,4,0
"207",0,0,0,3429.6666666681,13,31,0,0,272.16,0,0,3,0,2,6,14,0,0,3,33.36,0,0,4,287,0,2,0,0,14,0,1,6,0,31.4,0,0,0,137.88,2,84.35,6,0,0,0,40,5,1,0,0,8,0,53,0,0,2163.9125,191,0,0,91,0,0,30,6,0,0,0,0,0,0,2,40,0,0,11.5,0,17,6,0,0,0,1.5828571429,0,0,0,0,0,2,0,0,0,0,7,0,7,1,13,62.0847619048,0,0,660.88,0,0,0,0,2,0,4,0
"208",0,0,0,1218.4444444446,9,25,0,0,0,1,0,0,1,11,37,2,0,0,0,0,0,0,0,286,42,21,0,0,294,0,5.9166666667,0,0,63.4,0,1,0,8.76,0,71.85,16,0,0,0,8,3,0,0,0,8,1628.45,8,0,2.4,5534.8375,79,0,0,66,0,0,3,8,0,2,0,0,0,39.8511904762,1,25,0,0,2,0,1,13,0,0,0,1.5828571429,0,0,0,0,0,126,36,0,0,0,54,204,224,10,10,33.3615873016,0,0,100.28,0,0,0,2,0,2,5,0
"209",0,0,12.6666666668,165,0,12,0,0,165.16,0,0,0,0,2,49,0,5.3833333333,0,0,0,0,0,0,43,66,2,0,1,4,0,13,0,0,6.2,0,0,0,0,1,22,6,0,0,46.9333333331,2,0,0,0,0,1,33,0,0,0,3481.9625,53,12.2301282052,0,16,0,0,1,10,0,0,0,0,0,0,0,5,0,0,2,0,2,1,0,0,0,0,36.8,0,0,0,0,63,75,0,0,0,42.875,37,10,1,0,50,0,0,24.48,0,0,0,4,0,1,3,0
"210",0,0,0,108,0,0,0,0,0,0,0,0,0,0,452,0,0,1,0,0,0,0,0,0,69,1,0,0,0,0,10.9166666667,0,0,0,0,0,0,0,0,2,1,35,0,2.1333333333,0,1,0,0,0,2,0,0,0,0,672.99,58,17.8451923078,0,10,0,0,4,33,0,0,0,0,0,0,0,0,0,0,0,0,0,0,0,0,0,0,41.8,0,0,0,0,0,0,0,0,0,0,0,0,0,0,5,0,0,1.36,0,0,3.4,0,0,0,4,0
"211",0,0,0,0,0,0,0,1,0,0,0,0,0,0,273,0,0,0,0,0,0,7,0,0,11,0,0,0,0,3.975,0,0,0,0,0,0,0,0,1,0,0,0,1,1.1333333333,0,5.3142857143,0,0,0,1,0,0,9,0,56,18,11,0,0,0,0,13,52,0,0,0,0,0,0,0,0,0,0,0,0,1,0,0,0,0,16.3314285716,68,0,0,0,0,0,3,0,0,0,0,0,0,1,0,4.3615873016,0,0,0,0,0,4.7,0,0,0,8,0
"212",0,6.75,0,368.2222222224,0,0,0,2,0,0,0,0,0,0,1,0,10.7666666666,0,0,0,0,12,0,0,1,0,0,0,0,87.45,16,0,12.2363636362,0,0,1,0,0,0,0,0,0,0,0,0,2,0,0,0,0,0,0,1349.375,0,9,24,0,0,1,0,0,1,32,4,0,0,0,0,0,0,1,0,0,6,6,0,0,6.4285714286,0,0,163.5600000021,9,0,0,0,1,0,1,0,22,1,0,0,0,0,0,0,0,0,0,0,0,106.6,0,0,1,8,0
"213",0,16,0,2357.5555555567,0,0,1,0,0,0,0,0,0,0,1,0,93.5166666661,1,0,0,0,7,0,0,0,0,0,0,0,41.8,9.9166666667,0,17.8545454543,0,6,1,0,0,0,0,0,0,0,0,0,1,0,0,0,0,0,3,1235,0,2,1,0,0,0,5,0,0,3,7,0,0,0,3,0,0,0,0,0,0,0,0,0,3,0,6.64,803.6342857247,14,0,0,0,0,0,0,1,40,2,0,0,0,0,0,0,0,0,0,0,0,128,0,0,6,0,0
"214",0,16,0,961.3333333338,0,0,0,2,0,0,0,0,0,0,2,0,48.4499999997,0,0,0,2,12,0,0,0,0,0,0,0,5.975,0,0,71.4909090908,0,7,0,0,0,0,0,0,0,0,0,0,0,0,0,0,0,0,0,208,0,0,0,0,0,0,1,0,0,1,6,0,0,0,1,0,0,3,0,0,20,0,0,0,0,0,68.52,107.7314285731,4,0,0,0,0,0,0,6,2,7,0,0,0,0,0,1,0,0,0,0,0,5,0,0,15,0,4
"215",0,8,0,1468.8888888896,0,0,0,1,0,0,0,0,0,0,0,0,0,0,4,0,1,0,0,0,0,0,56,0,0,0,1,0,0,0,0,0,0,0,2,0,1,0,0,0,1,0,0,0,0,0,0,0,85,0,0,0,0,0,0,1,0,0,0,0,0,0,0,0,0,0,2,0,0,1,0,0,0,0,9,38.32,2,36.8,0,0,0,0,0,0,15,0,0,0,0,0,0,0,0,0,0,0,0,0,0,0,0,8,0,0
"216",0,0,0,3690.1111111129,0,0,0,0,0,0,0,0,0,0,3,0,0,3,0,0,3,0,0,0,0,0,53,3,0,0,19.8333333334,3,0,0,0,0,0,0,0,0,1,0,0,1.1333333333,0,26,0,0,0,2,0,0,7,0,0,0,0,0,0,0,0,2,0,0,0,0,10.04,0,1,0,0,3,0,1,0,2,0,0,2,33.96,0,0,0,0,0,0,0,0,0,0,0,0,0,0,0,0,3,0,0,0,0,0,0,0,0,19,1,0
"217",0,0,0,1224.2222222228,0,0,0,0,3,0,0,0,0,0,0,1,0,0,3,0,0,1,0,0,0,0,6,1,0,0,30.9166666667,7,0,0,0,0,13,5.88,0,0,3,54,0,7.3999999999,4,21,0,0,0,2,0,0,1,0,0,1,0,0,0,0,0,17,0,0,0,0,1,0,0,0,0,0,0,0,0,0,0,0,1,2,0,0,1,0,0,0,0,0,0,0,0,0,0,0,0,1,10.3615873016,0,0,0,4,0,0,0,0,7,7,0
"218",0,0,0,1938.7777777786,9,0,0,0,73,0,0,0,0,0,0,12,0,0,0,4.56,0,0,0,0,0,0,1,3,0,0,26.7500000001,4,0,0,0,0,0,0,0,0,47,0,0,12.7999999998,0,10,0,0,0,1,3,1,0,0,11,1,0,0,1,1,0,43,3,0,0,0,0,0,0,0,2,5,0,0,0,0,0,0,0,0,0,0,0,0,0,0,0,0,0,0,0,1,0,0,2,1,6.3615873016,0,0,0,4,0,2,0,15,15,8,1
"219",3,0,0,1245.1111111115,48,24,0,0,1012.8,0,0,1,0,6,3,2,0,0,1,0,0,0,0,5,8,18,1,5,6,0,16.7500000001,1,0,0,0,0,0,0,0,0,40,0,0,1.1333333333,4,5,0,0,0,1,40,5,1,0,589.99,1,0,0,27,0,0,15,0,0,0,1,0,0,2,1,1,4,0,1,0,3,12,0,0,0,0,0,2,0,1,0,0,2,0,0,0,4,0,12,4,3,9.3615873016,0,4,380.8,7,0,2,0,26,4,4,1
"220",22,0,0,2195.6666666674,40,9,0,4,165.16,5,7,0,4,16,0,1,0,0,0,0,0,0,0,197,121,24,0,1,1,0,35.5000000002,0,0,0,0,0,0,1,0,1,4,4,2,2.2666666666,2,2,0,0,0,0,38.45,1,0,0,5437.855,1,0,0,73,0,0,13,0,0,0,7,0,0,0,1,0,3,0,0,0,4,16,0,0,0,1.5828571429,0,0,0,0,0,12,23,0,0,0,3,0,82,0,5,5,0,13,369.92,1,0,0,34,22,1,3,0
"221",2,0,0,1125.3333333337,0,0,0,12,0,9,0,0,0,78,4,0,0,0,0,0,0,0,0,193,198,7,0,0,0,0,49.9166666667,0,9.4909090908,0,0,0,0,1,0,0,7,0,0,124.6666666635,30,0,0,0,0,1,544.95,0,6,0,1525.9725,0,4.6150641026,0,205,0,0,0,0,0,0,0,0,0,0,1,0,0,0,4.5,0,1,2,0,0,0,0,0,0,0,0,0,58,27,0,0,0,36.875,6,33,0,2,1,0,0,39.44,0,0,8.7,33,0,2,13,0
"222",0,0,228.3333333357,403.2222222223,0,0,0,0,0,3,0,0,0,43,0,0,0,0,0,0,0,0,0,13,34,0,0,1,0,0,8.9166666667,1,0,0,0,0,0,0,0,0,1,137,0,105.5333333312,10,1,0,0,0,9,0,0,1,0,2133.9125,0,13.2301282052,0,86,1,0,0,5,0,0,0,0,0,0,0,0,0,0,2,0,0,0,0,0,0,1,6,0,0,0,0,3,1,0,0,0,1,0,0,0,1,4,0,0,20.4,0,0,2,1,0,2,4,0
"223",0,0,0,34,0,0,0,1,0,0,0,0,0,1,0,0,0,0,0,0,0,0,0,0,3,0,0,0,0,0,0,0,0,0,0,0,0,0,0,0,0,6,0,9.5333333332,0,0,0,0,0,1,0,0,16,0,242.9875,0,36.8451923078,0,0,0,0,1,7,1,0,0,0,0,0,0,0,0,0,0,2,0,0,0,0,0,4.7485714287,20,0,0,0,0,0,1,0,0,0,0,0,0,0,0,2,0,0,1.36,1,0,12.9,0,0,2,10,0
"224",0,7,0,19,0,0,0,0,0,0,0,0,0,0,20,0,168.499999999,0,0,0,0,0,0,0,2,0,1,0,0,0,1,0,4.8727272727,0,0,0,0,0,0,0,5,2,0,0,0,0,0,0,0,0,0,1,221,0,0,0,0,0,2,0,0,1,10,1,0,0,0,0,0,0,0,0,0,1,0,0,0,0,0,1,362.600000006,47.8,0,0,0,0,0,0,0,12,1,0,0,0,0,0,0,0,0,9.36,10,0,790,0,0,1,11,0
"225",0,6,0,12,0,0,0,0,0,0,0,0,0,0,82,0,58.833333333,3,0,0,0,0,0,0,1,0,0,0,0,48.75,2,0,33.6181818181,0,3,0,0,0,22,0,0,1,0,0,0,0,0,0,0,1,0,2,300,0,0,0,0,0,1,0,1,0,2,0,0,0,0,0,0,0,0,0,0,0,0,0,0,0,0,7,177.1485714302,5,0,0,0,0,0,0,0,35,0,0,0,0,0,0,0,0,0,1.36,0,0,249.6,1,0,6,0,0
"226",0,5,0,4,0,0,0,1,0,0,0,1,0,0,0,0,0,1,0,0,0,0,0,0,0,0,0,0,0,50.75,1,0,24.8727272727,0,0,0,0,0,272,0,4,1,0,0,0,1,0,0,0,1,0,0,15,0,0,0,0,0,0,0,1,0,1,3,0,0,0,0,0,0,3,0,0,0,0,0,0,0,0,62.84,4.5828571429,1,0,0,0,0,0,0,5,3,1,0,0,0,0,0,0,0,0,0,0,0,3,0,0,41,3,0
"227",0,24,0,208.0000000001,0,0,0,1,0,0,0,0,0,0,1,0,0,0,0,0,0,0,0,0,0,0,3,0,0,3.975,0,0,1.8727272727,0,0,0,0,0,420,0,2,0,0,0,0,1,0,0,0,2,0,0,6,0,0,0,0,0,0,0,1,1,1,0,0,0,1.04,0,0,0,55,0,0,0,0,0,0,0,11,33.6,1,0,0,0,0,0,0,0,0,0,6,0,0,0,0,0,0,0,0,0,0,0,2.7,0,0,27,1,0
"228",0,0,0,23.8888888889,0,0,0,0,0,0,0,0,0,0,2,0,0,0,0,1,0,0,0,0,0,0,0,0,0,0,0,9,12.6181818181,0,0,0,0,0,40,7.7,3,0,0,1,4,6,0,0,0,5,0,0,2,0,0,0,0,0,0,0,0,1,0,0,0,0,9.04,0,3,0,1,0,0,0,0,0,0,0,10.8,0,0,0,0,0,0,0,0,0,1,0,1,0,0,0,0,0,4,0,2,0,0,0,0,0,0,1,1,0
"229",0,2,0,213.0000000001,5,0,0,0,0,0,0,0,0,0,4,0,0,0,0,3,4,0,0,0,0,0,0,0,0,0,2,15,1,0,0,0,0,1,10,48.1,7,0,2,0,1,3,0,0,0,0,0,0,1,0,1,0,0,0,0,0,1,12,0,0,0,0,1,0,1,0,0,0,1,0,0,0,0,0,0,0,0,0,0,0,0,0,0,0,0,0,4,0,0,0,0,0,0,0,2,0,6,0,4.4,0,0,0,1,0
"230",0,7,0,6,41,0,0,0,279.16,0,0,0,0,0,0,4,0,0,1,13.56,0,0,0,0,1,0,0,8,0,0,2,6,0,0,0,0,0,3.88,0,23.7,25,0,0,0,4,0,0,0,0,0,0,12,1,0,0,0,0,0,7,0,1,12,1,1,0,0,0,0,1,1,4,0,0,3,0,0,0,0,0,0,0,0,0,0,0,0,0,0,0,0,0,0,0,1,0,3,0,0,0,1,9,0,0,0,3,1,1,0
"231",27,0,0,0,167,0,0,0,1537.12,0,7,0,0,8,1,8,0,0,1,0,0,0,0,5,0,2,0,9,0,0,2,3,0,0,0,0,0,0,0,2,14,19,0,1.1333333333,77,0,0,0,0,1,18,35,1,0,1113.97,0,0,0,111,0,0,8,7,2,0,3,0,0,1,0,15,0,0,1,0,1,3,0,0,0,0,0,0,0,1,0,5,0,0,0,0,1,0,0,2,12,0,0,0,709.84,5,0,2,1,24,0,16,0
"232",14,0,0,6,23,14,0,0,0,0,0,0,3,3,1,1,0,0,0,0,0,0,0,114,15,8,0,3,0,0,13.8333333334,0,0,1.6,0,0,0,80.76,0,2,1,14,0,0,6,0,0,0,0,0,57.05,46.6,2,6,5886.89,0,1,0,298,0,0,4,11,0,0,3,0,0,0,0,20,0,0,0,0,0,0,0,0,0,0,0,0,0,0,0,46,19,0,0,0,82.75,0,246,1,3,1,0,0,118.32,2,0,0,4,7,0,6,0
"233",16,0,0,0,0,9,0,1,0,0,0,0,0,10,102,0,0,0,0,0,0,0,0,256,189,10,0,0,0,0,9,0,0,12.8,0,0,0,32.36,1,0,0,566,0,8.2666666666,1,0,0,0,0,0,3429.6,94,1,25.2,2630.955,0,3,0,107,0,0,4,11,0,0,0,0,0,0,0,6,0,0,0,0,0,0,1,0,0,0,0,0,0,0,0,94,191,0,0,0,97.875,500,36,1,1,6.3615873016,0,0,42.16,3,0,6.7,25,1,2,3,0
"234",0,0,34.0000000001,0,1,1,0,1,0,0,0,0,0,0,1,2,0,6,0,0,0,0,1,3,119,5,0,0,0,0,2,0,0,1,0,0,0,0,0,1,0,89,0,8.3999999999,0,0,0,0,0,1,0,0,64,4.8,1930.9025,0,20.8451923078,0,36,0,0,18,5,1,0,0,0,0,0,0,0,0,0,1,1,0,0,0,0,0,0,11,0,0,0,0,14,9,0,0,0,18,17,0,0,0,6.3615873016,0,0,12.24,3,0,11,2,0,0,0,0
"235",0,0,0,45.7777777778,0,0,0,2,0,0,0,1,0,0,2,0,0,1,0,0,0,2,0,0,46,0,0,1,0,0,0,0,1.8727272727,0,0,0,0,0,4,0,8,0,0,0,0,0,0,0,0,0,0,0,1326,0,139.995,0,22.6150641026,0,6,0,0,6,13,11,0,0,0,0,0,1,2,0,0,6.5,9,0,0,18.0000000002,0,0,35.0742857151,64.8,0,0,0,0,0,4,0,0,1,8,0,0,0,0,1,0,0,0,3,0,46,0,0,1,11,0
"236",0,3,0,0,0,0,0,2,0,0,0,0,0,0,10,0,134.5833333325,0,0,0,0,5,0,0,9,0,0,1,0,7.95,0,0,40.3454545451,0,19.72,18,0,0,0,0,1,0,0,0,0,0,0,0,0,0,0,0,1940,0,0,0,0,0,3,0,0,1,2,23,0,0,0,0,0,0,0,0,0,0,31,0,0,11.4285714286,0,0,1137.5828571654,6,0,0,0,0,1,0,1,11,1,10,0,0,0,0,0,0,0,0,0,0,1652.9,0,0,3,7,0
"237",0,0,0,457.777777778,0,0,0,0,0,0,0,0,0,0,8,0,356.9166666645,36,0,0,0,31,0,0,0,1,0,0,0,190.15,5,0,204.727272727,1,44,11,2,0,104,0,2,0,0,0,0,1,0,0,0,6,0,0,231,0,0,0,0,0,24,1,0,0,0,2,0,0,0,4,0,0,0,0,0,22.5,55,1,0,0,0,15.32,299.2800000048,62.8,0,0,0,0,0,0,3,36,0,1,0,0,0,0,2,0,0,0,0,0,542.6,0,0,9,0,0
"238",0,0,0,10231.3333333383,0,0,0,3,0,0,0,0,0,0,1,0,0,9,0,0,0,2,0,0,0,0,1,0,0,309.125,5,0,47.7454545454,0,0,0,0,0,428,0,2,0,0,0,0,0,0,0,0,5,0,34,78,0,0,0,0,0,21,5,0,0,1,3,0,0,0,0,0,0,131,0,0,3.5,0,0,0,0,1,104.64,87.314285716,1,0,0,0,0,0,0,6,8,8,0,0,0,0,0,0,0,0,0,0,1,27,0,0,11,0,0
"239",0,4,0,4280.2222222243,0,0,0,0,0,0,0,0,0,0,0,0,0,1,0,0,0,0,0,0,0,0,21,0,0,18.9,0,2,0,0,0,0,0,0,130,0,1,0,0,0,0,3,0,0,0,0,0,25.4,53,0,0,0,0,0,1,0,0,0,0,0,0,0,0,0,0,0,17,0,0,0,0,0,0,0,1,13,5,0,0,0,0,0,0,0,5,0,2,0,0,0,0,0,5.3615873016,0,0,0,0,1.5066666667,0,0,10,14,1,0
"240",0,0,0,134,0,0,0,0,0,0,0,0,0,0,1,0,0,1,0,2,1,0,0,0,0,0,0,0,0,1,1,24,0,0,0,0,4.125,76.84,16,0,0,0,0,0,0,1,0,0,0,1,0,0,4,0,0,0,0,0,0,1,0,0,0,0,0,1,0,0,0,0,0,1,0,4.5,0,0,0,0,0,4,0,0,0,0,7,0,0,0,0,0,0,0,0,0,0,0,35.7231746032,0,0,0,0,0,0,0,0,2,1,0
"241",0,0,0,8970.7777777816,1,0,0,1,0,0,0,0,0,0,0,0,0,1,19,28,1,0,0,0,0,0,0,1,0,0,1,72,0,4.8,0,0,0,7.88,3,28.25,18,0,1,0,2,32,0,0,0,2,0,0,0,0,0,21,0,0,0,0,0,10,0,0,0,0,0,0,0,0,5,3,0,0,0,0,1,0,0,0,0,0,0,0,0,0,0,0,0,0,0,0,0,0,2,0,2,0,1,0,3,0,0,0,0,10,0,1
"242",0,0,0,4219.0000000014,31,0,0,0,548.48,0,0,0,0,0,2,0,0,0,1,24.56,0,0,0,0,0,0,0,1,0,0,10,13,0,2,0,0,0,0,2,123.25,27,2,1,7,0,2,0,0,0,0,0,0,0,0,0,53,0,0,14,0,0,12,3,0,0,0,0,0,9,3,8,4,3,2,0,0,5,0,0,0,0,0,1,0,0,0,0,0,0,0,0,0,0,1,0,19,4,0,0,0,13,0,0,0,4,0,0,0
"243",1,0,0,3930,112,0,0,3,256.16,0,0,0,0,2,0,3,0,0,2,0,0,0,0,0,0,0,0,1,0,0,0,2,0,0,0,0,0,0,0,26,18,0,0,4,26,0,0,0,0,0,0,0,0,0,1536.93,68,0,0,831,0,2,2,4,0,0,1,0,0,6,2,14,0,2,2,0,6,6,0,0,0,0,0,0,0,0,0,2,0,0,0,0,69.75,0,0,0,6,13.3615873016,0,3,567.12,1,0,3,0,2,3,3,0
"244",5,0,0,7704.7777777778,26,3,0,0,1,0,0,0,0,6,16,3,0,0,0,0,0,0,4,122,24,10,0,1,0,0,2,0,0,0,0,0,0,0,3,1,0,0,0,0,4,0,0,0,0,0,442,1,8,0,6733.8975,161,0,0,654,0,0,1,9,0,0,3,0,0,12,3,15,1,1,0,0,11,2,0,0,0,0,0,1,0,0,0,22,0,0,0,0,0,0,154,0,2,14,0,0,240.72,1,0,0,17,0,1,15,0
"245",4,0,7.0000000001,1901.5555555557,10,6,0,0,0,0,0,0,0,43,148,0,0,8,0,0,0,1,0,99,257,5,0,0,0,0,0,0,0,0,0,0,0,0,0,11.4,2,43,0,93.9999999985,0,0,0,0,0,2,128,0,25,0,1101.9875,43,18.4602564104,0,222,0,0,0,5,1,0,0,0,0,2,0,2,0,0,4.5,0,0,0,0,0,0,0,0,1,0,0,0,56,2,0,0,0,1,0,84,0,0,11,0,0,42.16,0,0,1,9,0,0,11,0
"246",0,0,22.6666666667,785,3,0,0,0,0,0,0,0,0,97,1,0,0,1,0,0,0,0,0,0,63,0,0,0,0,0,2,0,0,0,0,0,0,1,0,0,0,4,0,13.7999999998,0,0,0,0,0,17,0,12,203.375,0,218,8,45.8451923078,0,17,0,0,7,28,2,0,0,0,0,0,0,1,0,0,1,0,1,1,0,0,0,0,0,0,0,0,0,1,0,0,0,0,1,0,0,0,0,5.3615873016,0,0,4.08,0,0,4,0,0,2,3,0
"247",0,0,0,327,0,1,0,0,0,0,0,0,0,29,1,0,0,3,0,0,0,0,0,0,1,0,0,0,0,0,0,0,1.8727272727,0,0,0,0,0,0,0,1,0,0,0,0,0,0,0,0,4,0,4,398,0,13,2,14.6150641026,0,0,0,0,2,6,11,0,0,0,0,0,0,0,0,0,3,0,0,0,6.8571428572,0,0,66.9028571441,2,0,0,0,0,0,0,0,0,0,1,0,0,0,0,0,0,0,0,3,0,75.3,0,0,0,11,0
"248",0,1,0,46,0,0,0,1,0,0,0,0,0,0,3,0,69.9833333329,4,0,0,0,0,0,0,3,0,0,0,0,278.25,1,0,38.0909090905,0,3,13,0,0,1,0,1,0,0,0,0,0,0,0,0,0,0,9.4,1229,0,0,1,0,0,1,0,0,1,0,10,0,0,0,0,0,0,2,0,0,3.5,0,0,1,11.4285714286,0,3.32,845.8685714404,0,0,0,0,0,0,0,1,17,1,0,0,0,0,0,0,0,0,0,0,0,1033.8,0,0,1,0,0
"249",0,2,0,20,0,0,0,0,0,0,0,0,0,0,1,0,86.1333333328,9,0,0,0,0,0,0,1,0,0,0,0,142.375,0,0,216.2181818178,0,48,9,6.03125,0,22,0,0,1,0,0,1,0,0,0,0,0,0,1,651.375,0,0,2,0,0,0,2,0,2,4,10,1,0,0,5,0,0,0,0,0,0,0,0,0,1,0,20,203.6400000024,0,0,0,0,0,0,0,0,22,0,0,0,0,0,0,1,0,0,0,0,0,339.2,0,0,2,0,0
"250",0,21,0,374.3333333335,0,0,0,1,0,0,0,0,0,0,0,0,5.3833333333,3,0,0,0,2,0,0,0,0,1,0,0,42.9,7,1,49.7454545454,0,0,3,2,0,434,0,0,0,0,0,0,0,0,0,0,0,0,0,426.375,0,0,0,0,0,0,7,1,0,0,3,0,0,0,4,0,0,77,0,0,0,0,0,0,0,7,60.92,6,0,0,0,0,0,0,0,48,0,3,0,0,0,0,0,0,0,0,0,0,0,14.1,0,0,19,0,0
"251",0,13,0,346.3333333335,0,0,0,0,0,0,0,0,0,0,0,0,0,2,0,0,0,0,0,0,0,0,33,0,0,0,2,0,0,0,0,0,0,0,288,0,0,0,0,0,0,0,0,0,0,0,0,2,4,0,0,0,0,0,0,2,0,0,0,1,0,0,1,0,1,0,22,0,0,0,0,0,0,0,3,16,0,0,0,0,0,0,0,0,22,0,4,0,0,0,0,0,0,0,0,0,0,0,1,0,0,16,0,0
"252",0,0,0,29,0,0,0,0,0,0,0,0,0,0,1,0,0,0,0,2,4,0,0,0,0,0,4,0,0,0,2,14,1,0,0,0,0,0,55,0,1,1,2,9.0666666664,5,1,0,0,0,2,0,17,0,0,0,0,0,0,0,0,0,1,1,0,0,0,21,0,0,0,0,0,0,0,0,0,0,0,0,7.32,0,1,0,0,0,0,0,0,1,0,0,0,0,0,0,0,0,0,0,0,0,0,0,0,0,5,0,0
"253",0,0,0,3513.2222222237,3,0,0,0,13,0,0,0,0,0,0,0,0,1,0,32.12,0,0,0,0,0,0,0,0,0,0,20,41,0,0,0,0,0,5.44,10,3.85,4,0,0,1,0,17,0,0,0,0,0,34,0,0,0,0,0,0,0,1,3,23,0,1,0,0,9,0,2,0,3,0,12,0,0,1,0,0,1,0,0,0,0,0,0,0,0,0,0,0,1,0,0,0,0,4,38.807936508,0,0,0,0,0,27,0,49.4,6,0,0
"254",0,0,0,25414.4444444566,19,0,0,0,179.16,0,0,0,0,0,0,4,0,0,0,32,0,0,0,0,0,0,0,1,2,0,7,11,0,3.2,0,0,0,11.44,2,8.85,45,0,0,8,0,2,1,0,0,1,0,9,0,0,0,0,0,0,0,0,0,33,4,0,0,0,0,0,0,1,8,0,1,0,0,0,8,0,0,0,0,0,2,0,0,0,0,0,0,0,0,0,0,0,0,3,2,0,0,0,4,0,0,0,31,3,2,0
"255",5,0,0,1296.2222222223,63,11,0,0,612.48,2,1,0,0,1,0,15,0,0,0,0,0,0,0,7,0,0,0,1,120,0,2,2,0,40.8,0,0,0,33,0,7.85,14,6,0,0,2,2,0,0,0,2,188.45,0,2,0,819.9875,0,0,0,342,0,0,9,3,0,0,1,0,0,7.7023809524,0,19,0,2,0,0,4,7,0,0,0,0,0,0,0,0,0,0,0,0,0,0,0,0,10,1,11,5.3615873016,0,0,542.64,6,0,0,0,22,1,8,1
"256",22,0,0,1205.8888888889,35,13,0,0,242.16,0,0,1,1,25,0,0,0,0,0,0,0,0,2,284,1,22,0,1,62,0,7,0,1.8727272727,15.2,0,0,0,7,1,0,1,14,0,2.2666666666,24,1,0,0,0,2,347,0,1,0,8997.7025,0,0,0,421,1,0,3,32,0,0,1,0,0,4,1,45,1,4,4.5,0,3,6,0,0,0,0,0,0,0,0,0,96,59,0,0,0,8,3,154,11,32,8.3615873016,0,6.4,466.48,0,0,0,26,5,0,6,0
"257",18,0,0,223.7777777778,2,9,0,0,0,1,0,0,2,40,2,0,0,0,0,0,0,0,3,316,173,36,0,1,0,0,9,0,0,4,0,0,0,0,0,0,0,87,0,10.2666666666,1,6,0,0,0,0,3,0,5,0,1915,0,12.2301282052,0,34,0,0,0,16,0,0,0,0,0,0,0,12,1,1,0,0,1,0,0,0,1,0,0,1,0,0,0,74,93,0,0,0,6,2,35,0,6,2,0,0,51.68,1,0,6.1,5,0,2,2,0
"258",6,0,0,105,0,3,0,0,0,0,0,0,0,3,47,0,0,9,0,0,0,0,8,2,248,9,0,0,0,0,22.8333333334,0,0,1,0,0,0,0,0,0,0,18,0,65.5333333317,0,0,0,0,0,14,5,0,0,0,793.9675,0,66.5355769234,0,2,0,0,4,11,3,0,0,0,0,0,1,0,0,0,2,0,0,0,1,0,0,0,109.8,0,0,0,0,8,4,0,0,1,0,1,11,0,0,1,0,0,12.24,0,0,12,0,0,3,6,0
"259",0,0,3.6666666667,0,0,0,0,0,0,0,0,16,0,0,2,0,0,3,0,0,0,0,0,0,20,0,0,0,0,0,0,0,0,0,0,0,0,0,0,0,0,0,1,349.4666666578,0,0,0,0,0,21,0,0,2,0,9,0,21.8451923078,0,0,0,0,8,53,7,0,0,0,0,0,0,0,0,0,1,0,0,0,0,0,1,0,148,0,0,0,0,0,0,0,0,0,0,0,0,0,0,0,0,0,0,0,0,5,0,0,0,31,0
"260",0,0,0,348.4444444446,0,0,0,0,0,0,0,0,0,0,0,0,0,0,0,0,0,2,0,0,0,0,0,0,0,49.85,5.9166666667,0,4.7454545454,0,0,6,0,0,0,0,4,0,0,6.2666666666,0,1,0,0,0,1,0,0,824.5,0,1,0,1,0,0,0,0,1,1,19,0,0,0,0,0,0,0,0,0,0,32,0,0,23.0000000002,0,0,5.7485714287,43,0,0,0,0,0,0,0,6,0,0,0,0,0,0,1,0,0,0,0,0,109.8,0,0,0,15,0
"261",0,0,0,5589.333333336,0,0,18,0,0,0,1,0,0,0,10,0,127.8166666659,0,0,1,0,39,0,0,0,0,0,0,0,6.975,0,0,49.9454545448,0,6,26,4.09375,0,4,0,5,0,0,1.1333333333,1,2,0,0,0,1,0,2,129,0,0,1,0,0,1,0,1,2,1,18,0,0,0,0,0,0,0,2,0,3.5,27,0,2,13,0,16.56,368.8628571477,1,0,0,0,0,0,0,0,18,4,0,0,0,0,0,0,0,0,0,0,0,1901.4,0,0,3,0,4
"262",0,0,0,1876.8888888898,0,0,6,0,0,0,0,7,0,0,8,0,51.4499999997,28,0,0,2,181,0,0,0,0,0,0,0,53.825,0,1,115.8545454543,0,64,129,5,0,56,0,1,0,0,0,0,1,0,0,0,4,0,0,33,0,0,0,0,0,0,0,0,0,0,0,0,0,0,26,0,0,0,0,0,1,21,0,0,0,0,76,269.5428571465,0,0,0,0,0,0,0,3,3,4,0,0,0,0,0,0,0,0,0,0,48.0133333334,697.6,0,0,17,0,36
"263",0,35.5,0,12,0,0,0,0,0,0,0,0,0,0,1,0,0,13,0,0,0,21,0,0,0,0,2,0,0,8.975,3,0,8,0,0,3,0,0,832,0,0,0,0,0,0,0,0,0,0,8,0,0,0,0,0,0,0,0,0,1,8,0,0,0,0,0,0,2,0,0,44,0,0,7.5,3,2,0,0,0,213.56,8.1657142858,0,0,0,0,0,0,0,18,0,7,0,0,0,0,0,0,0,0,0,0,36.1066666672,31.5,0,0,14,0,0
"264",0,42.75,0,85,0,0,0,0,0,0,0,0,2,0,1,0,0,1,0,0,0,0,0,0,0,0,13,0,2,0,0,14,1.8727272727,0,0,1,0,0,618,2,0,0,0,0,0,0,0,0,0,1,0,0,0,0,0,0,0,0,0,0,9,0,4,0,0,0,11,0,0,0,0,0,0,0,0,0,0,0,0,98.84,0,0,0,0,0,0,0,0,33,0,2,0,0,0,0,0,16,0,0,0,0,9.5200000001,1,0,0,7,0,0
"265",0,0,0,2885.1111111124,8,0,0,0,11,0,0,0,0,0,0,0,0,0,0,0,0,0,0,0,0,0,10,2,0,0,2,22,0,0,0,0,0,1.44,116,2.85,0,0,0,0,0,27,0,0,0,0,0,5,0,0,0,0,0,0,0,2,3,3,4,0,0,0,1,0,2,0,1,0,4,0,0,1,0,0,9,2,0,0,0,0,8,0,0,0,1,0,2,0,0,0,0,4,8.3615873016,0,0,0,3,0,0,0,0,8,0,0
"266",0,1,0,10474.3333333378,37,0,0,0,187.16,0,0,0,0,0,0,1,0,0,1,36.8,0,0,0,0,0,0,0,4,0,0,21.8333333334,66,0,0,0,0,0,88.76,36,10.85,27,0,1,1.1333333333,4,5,0,0,0,0,0,47,3,0,0,0,0,0,8,0,5,45,10,0,0,0,2.04,0,4,0,3,0,20,0,0,1,1,0,0,0,0,0,2,0,1,0,0,0,0,0,0,0,0,0,0,3,21.0847619048,0,0,0,2,1,0,0,42,4,10,0
"267",0,0,0,8079.6666666687,108,6,0,0,244.16,2,1,0,5,2,2,13,0,0,3,61.8,0,0,0,14,0,0,0,15,0,0,3,24,0,3.2,0,0,0,5,5,41,34,0,0,0,63,13.6285714286,0,0,0,6,45.9,1,0,0,1713.945,1,0,0,38,0,2,98,5,0,0,9,4.12,0,2.8511904762,1,15,1,4,0,0,2,7,0,0,0,0,0,0,0,0,0,0,0,0,0,0,0,3,3,0,9,58.0847619048,0,0,495.04,1,0,0,0,102,1,8,0
"268",2,0,0,8390.7777777784,27,2,0,0,373.32,3,6,0,6,6,1,5,0,49,3,1,0,0,0,520,44,8,0,10,0,0,5,1,0,1,0,0,0,0,0,13,11,38,0,4.1333333333,20,3,0,0,0,2,772,0,6,3.6,6735.865,5,0,0,33,0,0,36,7,0,0,0,0,0,42.255952381,2,5,0,5,0,0,2,8,0,0,0,1.5828571429,0,1,0,0,0,123,11,0,0,0,4,28,191,1,23,31.7231746032,0,0,82.96,0,0,0,1,38,0,6,0
"269",0,0,3,4761.8888888889,6,5,0,1,165.16,0,3,0,0,12,0,2,21.5333333332,133,4,0,0,0,6,292,152,3,0,2,0,0,2,0,0,1.6,0,0,0,0,0,0,7,9,0,42.3999999999,0,0,2,0,0,1,7,0,0,0,3128.985,0,8.2301282052,2,1,0,3,0,2,1,0,0,0,0,0,3,46,1,2,0,0,1,4,0,0,0,0,0,1,0,0,0,133,10,0,0,0,0,0,8,0,1,24,0,0,12.24,3,0,0,0,5,0,1,0
"270",0,0,0,2161.5555555556,0,1,0,2,0,1,0,0,0,8,50,0,0,6,0,0,0,0,0,9,178,1,0,2,0,0,0,0,0,0,0,0,0,1.44,1,0,1,17,0,19.333333333,0,0,0,0,0,4,9,0,17,6,1158.9875,0,17.075320513,0,8,0,0,6,70,22,0,0,0,0,0,0,0,0,0,0,0,1,2,0,0,0,0,3,0,0,0,0,27,1,0,0,0,157.875,824,2,0,5,2,0,1,2.72,0,0,1.7,2,0,0,4,0
"271",0,0,3,826.7777777779,0,0,0,15,0,0,0,0,0,0,1,0,0,7,0,0,0,0,0,0,7,0,0,0,0,0,0,0,0,0,1.72,0,0,0,0,0,0,102,0,9.7999999998,0,1,0,0,0,5,0,0,49,0,29,0,2,0,4,0,0,13,34,45,0,0,0,0,0,0,0,0,0,6.5,2,0,0,1,2,0,0,55.8,0,0,0,0,0,0,0,1,2,0,44,0,0,0,0,0,0,0,0,0,0,0,0,0,10,0
"272",0,0,0,165.6666666667,0,0,0,28,165.16,0,0,0,0,0,1,0,5.3833333333,1,0,0,0,20,0,0,4,0,0,1,0,0,2,0,17.9818181816,0,1.72,4,0,0,0,0,1,0,0,5.6666666665,0,9,0,0,0,0,0,0,366,0,4,0,5.6150641026,0,0,0,0,0,12,43,0,0,0,0,0,0,0,0,0,9,16,0,0,12.8571428572,0,0,25.6628571432,16,0,0,0,0,0,0,0,11,1,0,1,0,0,0,0,0,0,0,0,0,130,0,0,0,33,0
"273",0,8.25,0,394.6666666668,0,0,15,25,0,0,0,0,0,0,2,0,51.6833333331,1,0,0,0,54,0,0,0,0,2,0,0,76.55,2,0,69.4363636356,0,53,13,0,0,0,0,5,0,0,0,0,5,0,0,0,0,0,0,7069,0,0,0,0,0,1,0,0,1,2,9,0,0,0,0,0,0,0,0,0,0,2,0,1,4,0,0,399.5371428613,6,0,0,0,0,0,0,0,89,6,0,0,0,0,0,1,0,0,1.36,0,1,952.5,0,2,0,0,0
"274",0,0,0,25,0,0,0,6,1,0,0,0,0,0,5,0,1,10,0,0,0,42,0,0,0,0,2,0,0,275.05,0,0,258.9636363632,0,40,18,0,0,20,0,1,0,0,0,0,1,0,0,0,0,0,0,603,0,0,0,0,0,0,0,0,0,2,1,0,0,0,5,0,0,1,0,0,0,0,0,0,1,0,126.4,328.9657142888,24,0,0,0,0,0,0,4,5,13,0,0,0,0,0,0,0,0,0,0,6.5200000001,123,0,0,2,0,0
"275",0,59,0,14,0,0,0,7,0,0,0,0,0,0,1,0,0,14,0,0,2,29,0,0,0,0,1,0,0,63.75,15.7500000001,0,117.7454545454,0,0,2,0,0,97,0,0,0,0,0,1,0,0,0,0,4,0,0,70,0,0,0,0,0,0,4,0,0,0,1,0,0,0,5,0,0,39,0,0,1,0,0,0,0,0,330.04,25.9142857145,11,0,0,0,0,0,0,29,1,10,0,0,0,0,0,4,0,2,0,0,5.0133333334,6,0,0,15,1,0
"276",0,29,0,0,0,0,0,1,0,0,0,0,0,0,1,0,0,4,0,0,2,1,0,0,0,0,49,1,2,0,0,0,0,0,0,0,0,0,37,0,0,8,3,0,7,0,0,0,0,0,0,0,62,0,0,0,0,0,0,7,0,1,0,2,0,0,11,0,3,0,6,0,0,0,0,0,0,0,1,70.28,3,0,0,0,0,0,0,0,2,0,6,0,0,0,0,1,2,0,0,0,0,6.5200000001,4,0,0,18,1,0
"277",0,0,0,10,0,0,0,0,0,0,0,0,0,0,1,0,0,0,0,0,0,0,0,0,0,0,23,5,0,15.9,10.9166666667,8,1.8727272727,0,0,0,0,10.44,3,1,0,2,5,0,1,44,0,0,0,0,0,5,30,0,0,2,0,0,0,1,0,3,0,1,0,0,3,0,1,0,3,1,0,0,0,0,0,0,2,3,0,0,0,0,0,0,0,0,0,0,0,0,0,0,0,0,4.3615873016,0,0,0,0,1.5066666667,0,0,0,29,0,0
"278",0,0,0,49.7777777778,14,0,0,0,502.48,0,0,1,0,6,0,2,0,0,0,0,0,0,0,0,0,0,4,2,0,7.95,27.7500000001,32,0,0,0,0,0,160.44,0,28.85,21,0,1,0,0,14,0,0,0,5,0,2,2,0,0,10,0,0,54,4,1,16,14,0,0,0,0,0,1,0,2,0,11,3,0,0,0,0,0,0,0,0,0,0,0,0,0,0,0,0,0,0,0,0,0,1,15.0847619048,0,0,2.72,7,0,0,0,0,7,1,0
"279",0,0,0,39,91,2,0,0,58,1,0,5,6,4,0,2,5.3833333333,0,0,5,0,0,0,1,0,1,2,3,2,3.975,6,14,0,0,0,0,0,0,0,17.7,33,0,0,0,21,12,0,0,0,14,7,0,5,0,3956.875,82,0,0,132,0,2,15,3,0,0,3,0,0,21.4047619048,0,17,0,1,1,0,7.7,2,0,0,0,0,9,0,0,0,0,0,0,0,0,0,1,0,28,0,72,27.7231746032,0,3,1044.48,16,0,0,49,14,34,10,0
"280",0,0,0,31,17,9,0,0,18,2,0,3,8,23,17,0,0,0,2,1,0,0,0,127,40,4,0,1,0,0,3,1,0,0,0,0,0,0,0,2,37,1,0,3,1,5,0,0,0,2,2792,10,2,0,9578.8675,72,0,0,31,0,1,4,1,0,0,0,0,0,2,0,2,0,5,9,0,1,6,0,0,0,0,0,5,0,0,0,69,18,0,0,0,0,17,144,0,3,37,0,0,44.88,19,0,0,21,2,2,6,0
"281",2,0,51.6666666669,15,1,4,0,0,0,1,0,0,0,86,23,0,0,1,0,1,0,0,0,102,131,8,0,2,1,0,1,0,0,0,1,0,0,0,2,10,2,343,0,21.4666666663,0,4,0,0,0,1,0,2,2,0,6243.8675,89,8.2301282052,0,10,0,0,1,3,2,0,0,0,0,0,0,3,0,3,17.5,0,2,0,0,0,0,0,1,0,0,0,0,62,5,0,0,0,0,0,4,0,2,32,3,0,17.68,7,0,2,1,1,0,11,0
"282",0,0,0,0,0,0,0,0,0,0,0,0,0,9,216,0,0,0,0,0,0,0,0,0,118,3,0,0,0,0,1,0,3.7454545454,0,0,0,0,0,0,0,2,39,0,5.3999999999,0,2,0,0,0,2,0,1,1,0,436.99,7,10.6150641026,0,0,0,1,35,10,0,0,0,0,0,0,0,0,0,0,7,13,0,0,5.4285714286,0,0,35.2400000009,0,0,0,0,0,1,0,0,0,0,13,0,0,0,0,8.3615873016,0,0,2.72,3,0,18.6,0,0,3,6,0
"283",0,0,0,0,0,0,0,0,0,0,0,0,0,0,7,0,0,0,0,0,0,0,0,0,9,0,0,0,0,0,0,1,1.8727272727,0,0,5,0,0,2,0,0,0,0,0,0,2,0,0,0,0,0,0,2,0,29,7,1,0,0,0,0,16,7,2,0,0,0,0,0,0,0,0,0,14,1,0,0,2,0,0,208.2914285752,8,0,0,0,0,0,0,0,3,1,0,0,0,0,1,0,0,0,0,7,0,296.9,0,0,0,19,0
"284",0,2,0,320.4444444446,0,0,0,1,0,0,0,0,0,0,4,0,0,4,0,0,0,0,0,0,0,0,0,0,0,0,0,0,33.727272727,0,0,1,0,0,97,0,3,1,0,0,0,0,0,0,0,0,0,0,32,0,2,1,0,0,0,0,0,0,3,8,0,0,0,0,0,0,0,0,0,0,1,0,2,4,0,10.32,169.8857142885,3,0,0,0,0,0,0,0,93,1,0,0,0,0,0,0,0,0,0,4,2.5066666667,282.4,0,0,0,3,0
"285",0,3,0,665.7777777781,0,0,0,0,0,0,0,0,0,0,0,0,0,3,0,0,0,0,0,0,1,0,0,0,0,320,0,0,19.7454545454,1,2,0,0,0,452,0,1,0,0,0,0,0,0,0,0,1,0,0,34,0,1,0,0,0,3,1,1,0,0,10,0,0,0,2,0,0,0,1,0,0,0,0,4,2,0,122.96,736.7314285806,1,0,0,0,0,0,0,1,57,13,0,0,0,0,0,0,0,0,0,0,0,631.9,0,0,0,0,0
"286",0,10.5,0,0,0,0,0,0,0,0,0,1,0,0,0,0,0,0,0,0,0,0,0,0,0,0,9,0,0,461.275,2,0,31.4909090908,0,0,0,0,0,209,0,0,0,0,0,0,1,0,0,0,0,0,0,2,0,0,0,0,0,0,12,4,0,8,0,0,0,0,8,0,0,0,1,0,0,0,0,1,0,0,19.6,69.4114285719,1,0,0,0,0,0,0,2,3,18,0,0,0,0,0,0,0,0,0,0,2,107.6,0,0,0,0,0
"287",0,5.75,0,137.3333333334,0,0,0,0,0,0,0,0,0,0,1,0,0,0,0,0,0,0,0,0,0,0,7,1,0,430.3,3,0,0,0,0,0,0,0,22,5.85,0,0,0,0,0,3,0,0,0,0,0,3,0,0,0,0,0,0,0,17,7,0,1,0,0,0,0,1,0,0,27,1,0,0,0,0,0,0,1,0,1.5828571429,0,0,0,0,0,0,0,0,0,10,0,0,0,0,0,0,0,0,0,0,0,2,0,0,4,0,0
"288",0,3,0,0,0,0,0,3,0,0,0,0,0,0,0,0,0,0,0,0,0,0,0,0,1,0,0,0,0,14.925,4.9166666667,4,0,0,0,0,0,0,4,4.85,3,0,0,0,0,2,0,0,0,0,0,35.4,1,0,0,0,0,0,0,1,4,0,0,0,0,0,24.04,0,0,0,0,0,0,1,0,0,0,0,0,0,0,0,0,0,0,0,0,0,0,0,1,0,0,0,0,0,2,0,0,0,1,0,0,0,0,13,0,0
"289",0,0,0,0,2,0,0,1,341.32,0,0,0,0,0,0,1,0,0,0,0,0,0,0,0,0,0,1,4,0,0,3,13,1.8727272727,0,0,0,0,0,1,3.85,24,0,0,0,1,8,0,0,0,0,0,4,0,0,0,1,0,0,0,0,1,0,0,0,0,0,3,0,0,0,0,1,0,7,0,0,0,0,0,1,26.3257142864,0,0,0,0,0,0,0,0,0,0,0,0,0,0,5,0,0,0,0,1,0,1,0,0,0,1,0
"290",0,0,6.6666666668,826.0000000004,11,0,0,0,200.16,0,0,0,0,0,15,8,0,0,0,1,0,0,0,0,0,0,0,6,0,0,7,13,0,0,0,0,0,25.6,2,3,133,0,1,0,7,4,0,0,0,0,0,1,0,0,0,2,0,0,0,0,1,6,0,0,0,0,0,0,0,0,0,1,0,2,0,5,0,0,0,0,118.3828571459,0,1,0,0,0,1,0,0,0,0,0,0,0,0,0,6,0,0,0,0,0,1,0,8,0,5,0
"291",0,0,0,392.1111111113,64,5,0,0,505.48,0,0,1,0,1,3,34,0,0,0,4.56,0,0,0,0,0,1,0,6,182,0,11.8333333334,4,0,85.4,1.72,0,0,24.96,0,24.7,100,26,0,0,7,1,0,0,0,1,70,0,0,0,1474.925,3,0,0,100,0,0,26,0,0,0,0,0,0,1.8511904762,0,12,0,0,7,0,6,0,0,0,0,45.4114285719,0,0,0,0,0,0,0,0,0,0,0,0,0,0,52,4,0,0,23.12,1,0,0,0,27,0,9,0
"292",21,0,0,965.555555556,16,56,0,0,18,3,0,0,0,6,2,3,0,0,0,0,0,0,1,115,0,1,3,3,1189,0,15,0,1,379,0,0,0,2,0,3,17,5,0,0,42,2,0,0,0,21,122.8,0,3,0,8105.6625,10,1,0,2113,0,1,1,24,0,0,2,0,0,1,0,8,0,1,5.5,0,5,25,0,0,0,4.5828571429,0,0,0,0,0,92,0,0,0,0,0,1,23,0,29,0,0,0,1364.08,2,0,1,7,7,0,11,0
"293",4,0,0,3046.6666666681,7,28,0,0,497.48,0,0,3,1,101,11,0,0,0,3,0,0,0,0,614,65,23,0,3,84,0,67.5000000002,1,1.8727272727,11.2,0,0,0,0,5,0,1,5,0,20.3999999994,27,1,0,0,0,4,574.45,0,0,2.4,3152.905,0,5.2301282052,0,612,2,0,4,60,0,1,1,1,0,0,0,0,0,0,0,0,2,23,0,0,0,1.5828571429,0,0,0,0,0,140,28,1,0,0,22,194,395,0,9,33.7231746032,0,3,267.92,0,0,1,2,9,1,38,0
"294",1,0,0,4,1,10,0,0,165.16,0,0,0,0,10,140,0,0,0,0,0,0,0,0,16,97,12,0,0,1,0,8,0,0,3,0,0,0,0,0,1,0,0,0,31.1999999992,0,0,0,0,0,1,0,1,0,1.2,94,0,15.2301282052,0,12,0,0,3,140,0,0,0,0,0,0,0,0,0,0,18,0,0,3,0,0,0,0,0,0,0,0,0,6,2,0,0,0,1,15,6,0,2,34.3615873016,0,0,35.36,1,0,0,0,0,1,29,0
"295",0,0,0,91.5555555556,0,1,0,0,165.16,1,0,0,0,3,19,0,0,0,0,0,0,0,0,0,71,0,0,0,0,0,0,0,0,0,0,0,0,0,0,3,2,2,0,0,0,0,0,0,0,1,0,3,301.375,0,2,0,15.6150641026,0,0,0,0,4,163,9,0,0,0,0,0,0,0,0,0,15,6,0,1,23.8571428572,0,3.32,31.1600000006,5,0,0,0,0,0,0,0,2,0,0,0,0,0,0,3,0,0,5.44,0,0,55.2,0,1,0,101,0
"296",0,0,0,0,0,0,0,0,495.48,2,0,0,0,0,8,0,0,0,0,0,0,0,0,0,2,0,0,0,0,453.15,2,0,3.7454545454,0,0,0,0,0,2,0,1,2,0,0,0,0,0,0,0,0,0,0,7644.5,0,1,0,2.6150641026,0,0,1,0,31,69,59,0,0,0,0,0,0,0,0,0,0,2,0,0,49.8571428574,0,0,553.3314285791,6,0,0,0,0,0,0,0,33,2,0,0,0,0,0,8.7231746032,0,0,0,1,0,446.2,0,0,1,48,0
"297",0,0,0,366.2222222224,1,0,0,1,0,0,0,0,0,0,26,0,0,0,0,0,0,0,0,0,3,0,0,0,0,342.05,1,0,34.7090909086,0,3.72,0,0,0,34,0,6,0,0,0,0,0,0,0,0,9,0,0,13339,0,0,2,0,0,0,0,0,1,2,34,0,0,0,0,0,0,0,0,0,0,0,0,2,11.8571428572,0,0,2149.171428616,0,0,0,0,0,0,0,0,89,2,0,0,0,0,0,6.3615873016,0,0,0,1,0,974.9,0,0,0,14,0
"298",0,1,0,0,0,0,0,0,0,0,0,0,0,0,5,0,0,0,0,0,0,0,0,0,0,0,2,0,0,235.225,4,0,25.2363636362,0,14,1,1,0,369,0,2,0,0,0,0,0,0,0,0,15,0,0,1289,0,0,0,0,0,0,2,0,1,1,4,0,0,0,16,0,0,0,0,0,3,0,0,1,0,0,12.32,1250.8285714515,0,0,0,0,0,0,0,17,4,17,18,0,0,0,0,1,0,0,0,1,0,726.9,0,0,3,0,0
"299",0,47.75,0,0,0,0,0,0,337.32,0,0,0,0,0,0,0,0,0,0,0,2,0,0,0,0,0,7,0,0,1,15.9166666667,1,27.3636363635,0,1.72,0,0,0,545,0,0,5,0,0,0,0,0,0,0,3,0,0,272,0,0,0,0,0,0,6,3,0,0,5,1,0,0,0,3,0,9,0,0,0,0,0,2,0,5,3,29.9942857148,1,0,0,0,0,0,0,10,0,12,0,0,0,0,0,3,0,0,0,0,0,11.4,0,0,5,0,0
"300",0,0,0,91.5555555556,0,0,0,0,0,0,0,0,0,0,0,0,0,0,0,0,0,0,0,0,0,0,5,0,0,0,3,2,0,0,0,0,0,0,48,0,0,0,0,0,0,0,0,0,0,0,0,0,62,0,0,0,0,0,0,1,0,0,0,0,0,0,0,0,0,0,5,0,0,0,0,0,0,0,0,0,1,0,0,0,0,0,0,0,0,0,0,0,0,0,0,0,0,0,0,0,0,0,0,0,0,0,0,0
