"Afrocarpus_falcatus","Alangium_chinense","Albizia_gummifera","Allophylus_kiwuensis","Antidesma_spp","Apodytes_dimidiata","Balthasaria_schliebenii","Beilschmiedia_rwandensis","Bersama_abyssinica","Bridelia_brideliifolia","Carapa_grandiflora","Casearia_barteri","Cassipourea_ruwenzorensis","Chrysophyllum_gorungosanum","Chrysophyllum_rwandense","Cleistanthus_polystachyus","Croton_macrostachyus","Croton_megalocarpus","Dichaetanthera_corymbosa","Dombeya_torrida","Drypetes_gerrardii","Drypetes_occidentalis","Ekebergia_capensis","Entandrophragma_excelsum","Ficalhoa_laurifolia","Ficus_oreodryadum","Ficus_sur","Garcinia_volkensii","Grewia_mildbraedii","Harungana_montana","Heinsenia_diervilleoides","Ilex_mitis","Ixora_burundensis","Kuloa_usambarensis","Macaranga_kilimandscharica","Maesa_lanceolata","Magnistipula_butayei","Maytenus_acuminata","Millettia_dura","Musanga_leo-errerae","Myrianthus_holstii","Neoboutonia_macrocalyx","Newtonia_buchananii","Noronhia_africana","Ochna_afzelii","Ocotea_kenyensis","Olea_capensis","Olinia_rochetiana","Parinari_excelsa","Pentadesma_reyndersii","Podocarpus_latifolius","Polyscias_fulva","Prunus_africana","Psychotria_capensis_var_puberula","Psydrax_subcordata","Rapanea_melanophloeos","Rytigynia_kigeziensis","Sapium_ellipticum","Strombosia_scheffleri","Symphonia_globulifera","Syzygium_guineense","Tabernaemontana_stapfiana","Vepris_stolzii","Warneckea_walikalensis","Xymalos_monospora","Zanthoxylum_gillettii"
"1",0,0,0,0,0,0,19.1395,0,25.8085,0,13.85,0,0,0,0,0,0,0,0,0,0,0,30.0695,0,0,0,0,0,0,0,0,0,0,0,0,0,70.2,0,0,0,0,0,0,0,0,0,0,0,24,0,0,0,0,0,0,0,0,0,0,0,0,0,0,0,0,0
"2",0,11.875,0,0,0,0,0,0,71.777,0,0.277,15,0,0,0,0,34.5,0,0,60.225,0,0.205,119.575,28.6,0,0,0,0,10.034,0,0,0,0.081,0,0,0,17.2,0,0,131.2,0,0,0.8,0,0,0,0,0,0,11.25,0,0,118.351,18.375,0,0,0,0,0,31.2035,11.4,0,0,0,0,0
"3",17.25,3.925,8.6,0,0,0,16.336,15.3,84.502,0.085,13.502,7.5,6.95,0,0,0,31.35,0,0,52.225,0,0.205,74.1045,0.275,0,0,0,0,10.034,0,0,0,14.23,36.75,0,0,99.1,0,24.5775,110.54,20.717,0,109.125,0,0,0,0,0,26.541,0.709,0.1315,0,90.034,0,0,0,0,14.5,0,31.5,0,5.75,0,0.225,0,0
"4",34.5,14.5535,22.7,0,0,0,17.663,0,26.4255,0,0.2675,0.4425,5.69,64.6175,0,0,205.775,0,0,44.175,0,0,48.6165,128.775,0,0,0,0,0.1975,0,0,0,0.1,0,19.275,15.359,0.361,0,0.5575,12.525,25.05,0,139.675,0,0,0,0,0.3355,28.932,0.165,0,30,19.4,0,0,0.0625,13.683,29,0,46.325,0,17.75,0,0,0,0
"5",0,7.42,22.1535,0,0,0,16.969,0,66.977,0,13.375,23.25,36.6,142.075,0,0,194.575,0,0,140.525,0,0,121.082,37.428,0,0,0,0,0,13.5,0,0,4.05,0,125.975,0,0,0,18.25,110.325,34.925,20.3,136,0,0,0,0,0,1.08,0,0,61.25,0,0,0,0,29.726,14.5,0,106.9385,0,10.115,0,0,0,0
"6",0,0,45.097,0,0,0,54.06,45.025,71.7,0.333,55.575,29.8,61.975,100.556,0.378,0,200.475,19.5,0,292.8,0,0,200.377,297.906,0,0,0,0,0.1975,0,0,0.2645,3.3,0,60.525,20.225,0,0,18.25,41.75,25.106,7.4,1.06,0,68.9,0,9.45,0.2575,0.391,0,0,103.425,0,24.75,0,0,6.933,43.5,56.325,54.5135,0,17.5,0,0.2825,0,0
"7",34.5,102.45,23.25,0,0,0,28.029,30.6,97.55,0,48.7535,7.5,65.225,184.4,0,0,84.65,0,0,351.225,0,0,1.0505,13.75,36.9,0,0,0,0,51.6,0,37.02,0.147,0,83.715,90.1,0,0,0,53.125,7.745,19.65,113.675,0,40.875,0,0,0,50.891,0,5.55,173.7275,0.3615,6.3725,0,0,0.513,29,261.625,107.335,5.75,13.25,0,0,0,0
"8",0,0,67.222,0,0,0,30.7835,0.3455,0.2545,68.425,35.027,0.2935,26.75,17.765,32.7825,0,35.24,0,0,172.925,0,0,0,0,0,0,0,0,0,83.55,0,114.775,0,0,53.425,81.025,0,0,0,89.975,0.21,9.425,0,0,0,0,0,0.3325,43.35,0,0,1.1175,0,9.625,0,7.225,0,43.5,247.288,68.3535,0,17.5,0,0.249,0,0
"9",0,0,31.155,0,0,0,95.5765,0,0.2295,83.423,56.6895,38.825,0,14.5,0.378,0,0,13,0,319.45,0,0,0,0,0,0,0,0,0,38.835,0,0.1255,0,0,0,45.9335,0,0,0,109.775,0.569,0,62.3265,0,0,0,0,0,17.355,0,0,0,0,9.8975,0,0,0.187,0,317.409,45.3085,0,13.25,0,0,0,0
"10",0,0,175.05,0,0,0,13.033,0,0,14.787,14.1325,0,0,0.427,0,54,0,0,0,162.825,0,0,0,0.572,0,0,0,0,0,12.9,0,0,0.13,0.37,0,22.8,0,0,0,87.05,0,0,453.405,0,0,0,0,0,1.212,45,0,0,61.125,9.805,0,0,0,0,1.1015,15.2985,0,0.365,0,0,0,0
"11",0,0,0,0,0,0,9.358,0,7.2545,8,13.85,0,0,0,0,0,0,0,0,228.425,0,0,0,57.2,0,0,0,0,0.3615,0,0,0.298,0,0,0,0,0,0,0,34.6,0,0,362.5,0,0,0,0,0,135.8005,0,30.81,0,19.1,23.3,0,0,0,0,0,29.9,0.6285,0,0,0,0,0
"12",17.25,0,10.625,0,0,0,25.0935,0,0.2545,4.25,0.546,0.15,0,21.35,0,0,0,0.332,0,104.675,0,0,0,0.572,0,0,0,0,0,0,0,0,0,0,0,0,0,0,18.25,22.675,0,0,36.2015,0,0,0,0.16,0,71.682,0,0,0,0.382,1.3535,0,0,0,0,0,29.9,0.5125,0,0,0,0,0
"13",0,0,0,0,0,28.9295,53.141,0,0.3175,21.75,0.2825,0,0,0,0,0,0,0,0,7.3,0,0,31.114,0,0,0,0,0,0.159,0,0,0,0,0,0,0.059,0,0,0,119.9,0,0,121.2015,0,0.2075,0,0,0,98.805,0.195,0,0,0,0.566,0,0,0,0,0,0,11.515,0,0,0,0,0
"14",0.345,0,0.2825,0,0,9.4795,1.335,0,26.25,0,0,30,6.95,0,0,0,18.075,0,0,0,0,0,79.656,0.554,0,0,0,0,39.175,0,0,0,0.1895,0,0,0,0.344,0,9.625,43.525,0,0,41.2015,0,0,0,0,0,89.442,0,0.235,0,0,0.2635,0,0,0,0,0,0,0.343,0,0,0,0,0
"15",0,0.337,0,0,0,0,50.044,0,0,0,0,22.936,0,0,0.378,0,31.35,0,0,24.3,0,0,1.127,0.749,0,0,0,0,0,0,0,22.25,4.125,0,0,2.95,0,0,0,98.95,0.137,0,163.63,0,0,0,0,0,117.73,0,0,0,7.35,0,0,0,0,0,0,0,0,0.215,0,0,0,0
"16",0.345,0.077,0.2175,0,42.6,0,29.182,0,53.4005,0,0.401,7.269,0,65.74,0.544,0,49.425,0,0,30.0425,0,0,29.35,1.117,0,0,0,0,5.9705,0,0,0.5705,4.246,0,0,0.059,0,0,16.25,43.525,0,0,0,12,0,0,20.2,45.725,78.7115,0,0.1065,36.9,0.701,0,0,0,6.75,0.45,0.32,0,0,0.215,0,0,0,0
"17",0.345,0,10.875,0,50.535,0,53.0865,0,8.9465,0,0,4.8435,0,77.505,0.316,0,49.425,0,0,77.625,0,0,29.35,0.81,0,0,0,0,0.718,0.225,0,22.536,0.081,0,0,6.1285,0,0,0,0,0,0,173.68,0,0,0,0,85.054,19.4395,0,0,18.75,7.909,0.061,0.274,0,0.059,0,0.32,0,0,5,0,68.5655,0,0
"18",0.345,0,0.2075,0,23.855,0,32.656,0,15.425,0,0,0.1435,0,146.285,0.15,0,10.8115,0,0,59.34,0,0,29.35,162.4,0,0,0,0,0.4195,0.225,0,28.811,0,0,0,0.426,0,0.051,0.1625,0.215,0,5.5,34.8,0,0,0,20.2,82.072,1.829,0,0.2015,15,21.597,0.586,0,0,8.7,0,1.256,0,0,6.1,0,128.6555,0,0
"19",0,51.225,8.375,0,0.321,38.6,85.3205,0,28.3505,7.7,13.85,0,0,144.683,0,0,0,0,0,28.775,0,0,0,207.1315,19.368,0,0,0,0.718,15.025,0,70.49,0,0,0,5.662,0,0.0575,0.365,42.375,0.697,5.5,68,0,0,0,0,1.8775,114.346,0,0.181,63.1005,86.7115,74.1165,13.7,0,0.326,0,0.76,0.154,0.25,0.1,0,29.687,0,0
"20",0.345,0.1675,71.9,0,0,0,51.7995,0.115,24.449,7.7,14.0525,0,0,62.2975,0,0,20.9,0,0,12.75,0,0,0,74.955,120.6,0.3735,0,0,0.617,0.1515,0,0.1335,0,0,0.37,21.794,0,0,9.8275,11.1675,10.885,5.5,169,0,0,0,0,0,1.694,0,0,31.708,77.7,1.0885,27.4,9.5,0,0,1.386,0,13.2625,5,0,0.404,0,0
"21",0,0,177.5225,0,0,0,42.77,0.609,11.5,23.4075,33.652,0,0,0.835,0.4195,0,20.9,0,0,14.472,0,0,0,107.425,107.4455,0,0,0,0.1975,0.3005,0,0,0.081,0,4.75,0.3435,0,0.076,0.2025,43.55,0,0,168,0,0,0,0,0.1685,134.8675,0,14.469,0,45.409,50.4125,0.274,12.85,0,0,23.411,0,108.2375,0.1,0,0,0,0
"22",0.345,0,206.475,0,0,0,25.526,0.609,12.725,16,34.1065,0.45,0,0,0,0,10.45,0,0,13.484,0,0,0,0,131.2615,0,0,0,0,0,0,0.298,0,0,0,11.4,0,3.0575,9.8275,12.14,0,0,102,0,0,0,0,10.1425,43.1125,18.874,0.3935,0,97.8195,24.5905,0,18.4325,0,0,0,0.6035,308.615,0,0,0,0,0
"23",0.345,0,0.44,0,0,0,19.4745,0,12.725,0.155,28.2845,45,0,0,0,0,35.5,45.35,0,52.2595,0,0,0,0.745,86.225,0.2185,0,0,0,0,0,0.125,0,0,0,0,0,0,0,31.8635,0,0,101,0,0,0,0,1.201,29.3065,18.15,0,0,9.7825,10.8545,0.274,10.535,0,0,0,7.75,487.0485,0,0,0,0,0
"24",0,0,0,0,0,0,24.3535,0,0.2545,0,27.6905,0.15,0,0,0,0,0,0.2635,0,30.156,0,0,72.877,0,32.8665,0,0,0,0,0,0,0,0,0,0,0,0,0,0,0,0,0,34,0,0,0,0,0.3195,18.957,25.5,23.406,0,0,13.3255,0,0.498,0,0,21.8175,0,263.8935,0,0,0,0,0
"25",0,0,0,0,0,0,55.412,0,0.468,0,14.5155,0.1435,0,0.408,0,0,0.206,59.68,0,15.75,0,0.205,122.025,0,0.5285,0.2185,0,0,0,0,0,0,0,0,0,0,0,0,0,0,0.6105,0,0,5.25,0,0,0,0.791,94.624,16.594,14.484,0,0,5.6325,0,6.556,0,0.215,52.475,17.057,40.228,0,0,0,0,0
"26",0,0,0,0,0,0.35,45.568,0,82.868,0,13.8975,0.1435,0,0,0,0,0.415,100.15,0,31.2975,0,0.205,99.53,0,0,0,0,0,0,0,0,0,0,0,0,0.151,0,0,0,0,0,0,53,0.1975,0.722,0,1.2935,32.927,19.5445,52.95,15.041,0,0,0.8695,0,0.126,0,0,16.0925,28.7955,1.9915,0,0,0,0,0
"27",0,0.0535,0,0,0,0,40.4895,0,69.6555,7.75,0.2835,7.3445,0.283,0.89,0,0,10.45,13.507,0.284,15.896,0,0.205,119.209,0.565,0,0,0,0,0.3455,0,0,0,0,0,0,0.109,0,0.06,8.52,0.656,0.304,0,106,22.7675,0,0,0.409,131.0595,19.187,29.559,0.592,0,0.486,0.46,0,0.2585,0,0,0,13.2955,0.475,0,0.1175,0,0,0
"28",0,0,0,0,0.105,0,74.616,0,65.5295,7.75,14.44,0.1435,0.1285,0.347,0.888,5.14,103.835,50.45,0,123.775,0,0,97.151,100.1745,0,0,0,0,9.875,0.1135,0,0.298,0.075,0,0.267,3.2735,0,0.15,0.395,12.7955,0,5.5,106,11.7425,0,0,0,42.488,19.3765,8.12,0.2035,0,0.892,0.314,0,0.4675,0.603,0,0,8.8895,0.295,0.1,0,0.0675,0,0
"29",0,0,0.43,3.825,5.25,0,53.7995,0,21.699,0,15.031,0.1435,7.766,0.4425,13.409,0.191,63.615,0.332,0,271.5275,0,0,111.4315,47.944,0,0,0,0,0.458,0.483,0,0,0,0,78.88,40.75,0,2.935,20.4125,22.675,0,34.9475,139,0.095,0,0,17.625,40.0105,37.602,7.695,0.2015,0.175,0,14.629,0,33.321,13.525,0,22.2615,43.1585,0,5,0,5.8015,0,0
"30",0,0,12.45,0,5.461,0,18.699,0,36.5175,0,74.5135,0,101.425,23.21,0.8035,19.25,52.7265,52.85,0,385.075,0,0,125.9825,211.157,0,0,0,0,10.3955,0,0,22.5895,0,0,155.275,79.412,0,2.875,38,87.1,0.413,36.185,79.6,0,0,0,34.755,24.1185,0,0.195,0,0.2275,0.745,51.829,0,110.4,16.999,0,128.285,31.6325,0,5,0,4.0825,0,0
"31",0,0.3735,33.1195,0,4,0,34.7675,0,67.0685,16.737,165.906,0,104.1785,45.089,1.2575,10.015,49.17,15.2635,0,353.85,0,0,24.8475,173.835,0,0,0,0,10.2945,12.9,0,51.095,0.1,0.37,223.5,101.164,0,0.06,10.125,32.8,12.992,49.71,0.272,0,0,0,0.702,32.206,0.4085,0.51,0.181,0.574,0,57.086,0,106.25,11.35,0,475.6945,43.2185,0,0.1,0.2385,0.2475,0,0
"32",34.5,0,16.356,0,0,0,58.658,0,13.2935,25.392,158.5135,0.15,0.446,0.8745,7.8575,0.0975,83.7,15.1385,0,176.3075,0,0,0,70.95,0,0,0,0,0.101,26.001,0,192.2345,0.075,0,150.225,117.983,0,0,0,75.413,0.9105,0.3275,30,0.105,0,0,0.357,32,0,9.75,11.75,0.4905,0,50.752,0,116.95,0.19,0,362.768,47.775,0,5.1225,17.625,0,0,0
"33",0,0,0,0,0,0,0,0,0,0,0,0,0,0.427,0,0,0,0,0,0,0,0,0,0,0,0,0,0,0,41.783,0,0.4235,0,0,0,0,0,0,0,0,0,0,0,0,15.575,0,0,0,0,0,0,0,0,12.52,0,0,0,0,16.4685,0.3485,0,0,0,0,0,0
"34",0.345,0,19.375,0,0.08,0,13.4225,0,0.15,0,80.436,0,0,0,0,13.601,0,0,0.284,17.1,0,0.205,0,0.572,15,0,0,0,0,0,0,0.286,0.131,0.255,19,3.0915,0,0.1175,0.365,54.3,0.246,0,1.5935,0,0,0,0,0,0.37,0.36,0.1175,0,0,31.5555,0,22.275,0,0,16.712,0,42.45,0.1,0.1175,0,0,0
"35",0.345,0,0,0,0,0,2.576,0,0.077,0,87.0755,0,0,0,0,13.5,0,0,0.284,0.36,0,0,0,0,0,0.155,0,0,0,0,0,0.125,0,0,0,0,0,0,0.2025,65.6,0,0,49.675,0,0,0,0,0,0,1.059,0.515,0,0,12.3055,0,22.4775,0,10.75,0.5815,0,0,0,0,0,0,0
"36",34.5,0,0,0,0,10,1.691,0,34.577,0,54.1425,0.15,0,0,0,0,0,0,0,45.365,0,0,1.455,0,0,0,0,0,0,0,0,0.445,0.066,0,0,9.151,0,0,0.395,55.475,0,0,0,0,12.7645,0,0,0,0,0,0.2015,0,0,14.93,0,0.416,0,0,13.6775,0,0.228,0,0.1175,0,0,0
"37",34.5,0,0,0,13.1,20,1.1205,0,34.6505,0,0.8765,7.5,0,0,0,0,0,0,0,18.486,0,0,43.417,0,0,0,0,0,0,0,0,0,0.081,0,0,0.331,0.361,0,0.2025,33.015,0,0,0,0,10.389,0,0,0,0,0.195,0.2035,0,0,35.5475,0,3.75,0,0,0,0,5.978,0,0,0,0,0
"38",0,6.6,0,0,9.835,18.056,53.6265,0,11.8085,0,0.277,29.8,0,0,0.15,0,0.3615,0,0,20.175,0,0,29.35,0,7.1965,0,0,0,0.1975,0,0,0.1255,0.13,0,0,0,0,0,19.75,11.925,0,0,0,0.0775,9.0765,0,0,0,57.5,0.4735,0,0,0,0.44,0,0.075,0,0,0,0,6.693,0,0,0,0,0
"39",0,0.077,0,0,4.216,0.37,69.215,0,21.2315,0,0,7.175,0,0,0,0,12.209,0,0,73.979,0,0,0.587,0,145.9825,0.155,0,0,0,0,0,0,0.141,0,0,0,0,0,0,0.2385,0,0,0,0,0.4075,0,0,1.1355,0,0.195,0.3915,0,0,0,0,0,0,0,0,0,6.35,0,0,0,0,0
"40",17.25,3.85,0,0,33.685,0.17,31.9795,0,75.077,18.28,9.14,7.175,0,0.956,0,0.305,90.675,0,0,117.6175,0,0,29.776,0.32,111.7215,0,0,0,0,0,0,0.1255,3.816,0,0,0,0,0,0,99,0,0,0.66,0,0.4075,0,0,0,21.025,0.21,0,0,0,14.615,0,0,0.135,0,0,0,0,5.1225,0,0,0,0
"41",17.48,18.8215,0.165,3.825,12.08,0.2,30.807,0.403,26.3315,0.13,0.175,0.1435,0,18.4955,0,0,38.5115,0,0,89.764,0,0,0,0,79.56,0,0,0,0.411,0,0,6.275,4.05,0,0,10,0,0,8.3275,11.406,0.383,0,1.8815,0,0,0,0,0,21.025,0.15,0,33.45,0,13.41,0,0,14.25,0,0,0,46,0,0,0,0,0
"42",17.25,14.6985,12.075,0.0765,8.351,0,54.827,0,15.435,9.075,8.75,0.2935,0,52.6975,0.3375,0,38.39,0,0,119.869,0,17.25,1.0975,0.847,65.192,0,0,0,0.249,0,0,22.8005,0.147,0,0,0,0,0,0.5575,43.55,0.246,0.11,0,0,0,0,0,0,21.025,0,0.7165,64.1125,0,0.511,0,0,0.5235,0,10.01,0,0,0.1,0,11.7675,0,0
"43",0.23,93.02,47.5675,0,0.275,0.17,31.1475,0.2875,1.034,26.435,0.175,21.525,0,78.9925,0.1875,27,20.9,0,0,78.9525,0,0,59.24,33.9175,95.275,0.2185,0,0,0.718,22.576,0,91.75,0.081,0,0.275,10,0,0,0.2025,21.9175,0.246,0,0,0,0,0,0,0.655,40.6825,0,0.771,146.35,19.4615,1.14,0,0,0,0,58.799,14.95,0,7.6225,0,0.38,0,0
"44",0,0.74,54.572,0,0,0,42.677,0,0.7325,9.384,0,21.525,0,60.572,0.5655,0,20.9,0,0,139.5985,0,0.345,0,0.32,113.1825,10.925,0,0,0.1975,0,0,60.1985,0,0,0.154,0,0,0,0.2025,0,0.246,0,21.125,0,0.2645,0,0,0,58.24,0,33.759,0.788,19.5075,13.8025,0,0.3935,0.0825,0,181.4775,0,0,0,0,0.27,0,0
"45",17.48,0,142.8875,0,0,0,51.544,0,0,0,0.405,0.1435,0,1.232,0.378,27,18.075,0,0,122.45,0,0,0,0.572,15.2825,0.155,0,0,0.159,0,0,0.418,0,0,0,0,0,0,0,10.9885,0.246,0,180.8,0,0,0,0,0.5675,39.275,0,0.1195,0,0,0,0,0,0,0,22.048,0,0.255,16.395,0,0,0,0
"46",0,0,86.606,0,0,0,27.471,0,11.5,4.5,0.4235,7.175,0,1.7645,18.9,0,0.3615,0,0,92.2,0,10.25,0.426,28.6,0.2825,0.155,0,0,0,0,0,0,0,0,0,0,0,0,0,12.5575,0.159,0,162.25,0,0,0,0,0.8575,46.8205,0,10.849,0,0,1.3185,0,0,0,0,0,0.31,45.7015,5.2425,0,0,0,0
"47",0,0,56.83,0,0,0,10.214,0,11.5,0.154,0.535,14.35,0,0.4475,0,0,0.3615,0,0,87.75,0,20.5,0,28.6,15.2825,0.2185,0,0,0,0,0,0,0,0,0,0,0,0,0.1625,55.45,0,0,61.125,0,0,0,0.3625,0.32,104.55,0,0.349,0.185,0.147,23.805,0,0,0,0,0.421,0.299,75.0545,5,0,3.375,0,0
"48",0,0,56.255,0,0,0,43.0515,0,11.5,0,0.405,29.025,0,0,0,0,0.206,0,0,45.959,0,0.205,23.207,0,0.141,0.2185,0,0.083,0,0,0,0,0.075,0,0,0,0,0,0,0,0,0,253.7975,0.0775,0.4265,0,0.7075,1.178,96.5,0,17.2545,0,0.47,38.185,0,0.265,0,0.45,1.615,8.049,261.59,0.1,0,0.0675,0,0
"49",0,0,0.2125,0,14.55,65.1,20.49,0,57.855,0,10.588,14.84,0,0,8.01,0.305,10.3,0.6435,0,30.421,0,10.25,117.262,0,0.835,0.2185,0,0,0.2985,0,0,0.1255,0.081,0,0,0,0.361,0,0.1925,65.815,0.246,0,0,0.0775,0,0,0,0,143.4,52.432,16.3565,0,23.87,0.707,0,0.0635,0,0.215,38.5095,16.1475,80.4635,0,0,0.0675,0,0
"50",0,0,0,0,5.935,45.17,43.777,0,79.455,0,0.113,15.1435,0,0,0.888,3,51.246,52.85,0,53.5,0,0,70.375,0,63.375,0.2185,0,0,0.1975,0,0,0,0.081,0,0,7.65,33.7825,0,8.3175,87.1,0.246,0,40,4.115,0,0,0,16.775,89.0075,46.302,16.5325,0,17.2,0.8325,0,0,0,0,0.3235,23.48,32.495,0,0,0,0,0
"51",0,0,0,0,0,0,0,0,0,0,0,0,0,0,0,0,0,0,0,0,0,0,0,0,0,0,0,0,0,0,0,0,0,0,0,0,0,0,0,0,0,0,0,0,0,0,0,0,0,0,0,0,0,0,0,0,0,0,0,0,0,0,0,0,0,0
"52",0.1475,0.0535,0,0,5.95,0.2,20.239,0,4.328,0,8.525,0.15,13.05,0.2445,37.0445,0,46.015,82.7,0,0.193,0,0,109.092,1.49,26.475,0,0,0,0,24.475,0,65.17,0,0,49.85,0.2715,0,0,0,0,0,0,0.68,0,0,0.1995,12.7,0,116.5845,60.269,0.8155,0,0,15.5755,0,22.355,4.299,0,31.7835,27.4185,0.295,7.5,0,96.45,0,0
"53",0,0.26,0.2415,3.825,9.36,0,32.795,0,14.918,0,0.3775,0.1435,0.109,0,0.2525,13.5,71.015,52.85,0,53.807,0,0,71.7105,28.875,53.799,0,0,0,0.3415,0,0,0.445,0,0,42.05,33.5,0,0,0,0,0.2135,0,0,0,0,0,0.254,0.1685,59.6175,26.709,0.801,0,8.095,0.271,0,13.4725,0,0,63.575,0.674,0,13.745,0,64.684,0,0
"54",0.575,18.675,0,0,0.165,0.182,22.774,0,14.7545,0.3,0,7.325,22.65,0,0.867,0,82.14,41.35,0,111.2695,0,0,52.528,0.81,13.175,7.75,0,0,0,0.334,0,49.895,8.241,0,30.35,32,0,0.06,0,43.55,0.9925,0,0,0,0,0,60.6,0,19.599,11.8035,37.503,0,19.52,0.1925,0,0,0.135,0,127.9515,42.737,0,6.46,0,46.813,0,0
"55",0.23,37,0.3225,0,0.105,0.182,36.747,0,0.613,0,1.0125,0.1435,0.787,0,0.4185,0,87.065,28.405,0,111.2515,0,0,33.398,0.7225,0.4125,7.75,0,0,0,11.773,0,51.8955,0,0,21.7325,44.622,0,0.046,0,0,0.779,0,1.3,0,0,0,0,0,30.853,0,10.6175,0,38.499,25.3175,0.274,0,0,0,76.201,16.911,0.6665,7.7225,0,13.6165,0,0
"56",0,0,0.1675,0,0,0,1.4575,0,0.063,0.12,29.887,0.1435,0,0.4475,0.2525,0,101.4,41.35,0,184.1625,0,0,29.825,36.125,13.376,0,0,0,0,33.676,0,1.171,0,0,24.9,10.153,0,0,0,43.55,0.2135,0,0,0,0,0,0.254,0,0.584,0.195,19.575,0,0.344,23.1305,0,0.075,0,0,0.99,2.121,0,5.8725,0,0.539,0,0
"57",0,0,0.44,0,0,0,16.881,0,0.063,0,1.0735,0.1435,0,0,0.2695,0,35.6325,20.905,0,138.975,0,0,0.587,89.221,27.499,0,0,0,0,0,0,0.7795,0,0,15.59,0.428,0,0,0,43.55,0,0,102,0,0,0,0,0,0.193,9.75,0.348,0,20.375,0.7975,0.274,0,0,0,1.842,1.1075,0.295,6.0925,0,0,0,0
"58",0.345,0,78.4415,0,0,0,1.943,0,23,0,1.083,0.1435,0,0,0,0,35.325,0.15,0.284,157,0,0,1.062,29.142,0.2825,0,0,0,0,0,0,0.298,0,0,0,0,0,0,0,0.238,0,0,33,0,0,0,0,0.1685,0.6135,0.6425,0,0,20.464,34.466,0,0,0,0,0.875,0.5035,0.5205,5.85,0,0,0,0
"59",0,0,22,0,0.11,0,1.1405,0,38.488,0,21.5825,0.1435,0,0,0,0,0,0,0,98.84,0,0,1.029,0.85,0,0.155,0,0,0.1975,0,0,0,0,0,0,0,0,0,0,0,24.6,0,66,0,0,0,0,0.1975,0.9255,9.9,0,0,0.7955,1.3995,0,0,0,0,38.445,14.95,0.9835,0.115,0,0,0,0
"60",0,0,0,0,0,0.2,18.507,0,23,0,0.806,0.15,0,0.342,0,0,0,0,0,31.2785,0,0,4.1455,0,67.915,0.155,0,0,0,0,0,0.298,0,0,0.154,0,0,0,0,10.75,0,0,0,0,0,0,0,0.821,0,24.889,0,0,0,11.0285,0,0,0,0,1.0915,0,0.891,0,0,0,0,0
"61",0,0,0,0,0,28.9295,76.9905,0,23.594,0,0.277,21.85,0,0.4475,0.378,0,0,0,0,31.288,0,0,0.966,0,0.779,0,0,0,0.1975,0,0.1215,0,0,12.25,0,0,0,0,0,11.925,0.323,0,0,4.75,0,0,0,31.175,0.505,20.149,0.486,0,0,23.801,0,0,0,0,0,0.3585,24.233,0,0,0,0,0
"62",0,3.067,0,0,25.35,0,1.4605,0,13.179,0,0.277,7.325,0.1305,0,0.15,0,21.225,0.588,0,39.5515,0,0,23.7175,0.56,0.686,0,0,0,0.148,0,0,0,0,0,0,0,0,0,0.1625,22.675,0.137,0,0,0.1975,0,0,0.191,9.086,0,20.314,0,0,0,0.27,0,0,0,0,0.2935,0,1.9915,0,0,0,0,0
"63",0,24.047,0,0,19,0,1.763,0,79.2655,0,0,7.8825,19.3,0.4475,0.378,8.876,55.169,0,0,0.3025,0,0,2.5525,0,1.0085,0,0,0,5.3105,0,0,0,0.066,0,0,0,0,0,0.365,22.675,37.7835,0,0,0.3975,0,0,0.254,12.107,0.687,20.149,0.5285,0,63.0315,0.869,0,0.075,0,0,0,0.3585,1.5165,0,23.5,0,0,0
"64",0,22.4215,10.875,0,31.21,0,50.552,0,110.1045,0,0,0.1435,83.475,45.3605,0.15,9.415,68.34,0,0,48.65,0,0,1.013,0,27.0275,0,0,0,5.4695,0,0,16,0,0,0,0,0,0.076,0,0.215,0.6645,0,0,6.1725,0,0,0,10.755,1.5275,10.355,0.5285,18.45,128.2625,0,0,0,0,0,0,0,0.7635,0.22,0,3.45,0,0
"65",0,39.627,0,0.0765,32.705,0,44.238,0,96.658,0,1.022,0.1435,53.753,23.315,0.528,0.679,70.775,0,0,197.906,0,0,0,0,0.285,0,0,0,0,0,0,0.12,0,0,38.28,8.1415,0,0,0,56.1,0.3725,0,0,0,0,0,25.4,11.206,1.5745,10.26,0.3025,0.2275,0,0.22,0,0,0.3325,0,0,0.4575,0.595,0,0,0.0675,0,0
"66",0,18.675,29.3825,0,25.665,0,16.775,0,88.188,0,4.6605,0.1435,69.2185,67.9295,0.528,0.1865,34.709,0,0,354.025,0,0,0.8275,0,0.5535,0,0,0,5.4695,0.3005,0,22.784,0,0,68.2865,32.2925,0,0,0,22.675,0.7175,0,0,0.24,0,0,25.4,10.3275,72.308,0.75,0.6855,30.1775,0.745,0.23,0,0,4.494,0,0,0.155,0,0.4875,0,12.45,0,0
"67",0,19.2125,40.6365,0,32.705,0,16.5165,0,96.445,19.03,1.758,0.1435,49.431,0.7375,32.1015,5.1515,35.378,0,0,462.75,0,0,0,0,0.2635,0,0,0,0.2135,20.475,0,0.2645,0,0,83.834,72.507,0,0,0,0.4535,0.5365,0,0,0,0,0,12.7,0.499,120.4575,0.75,0.3535,92.778,0.382,16.1685,0,0.075,0.0825,0,0.544,0.3485,0,5.85,0,0.249,0,0
"68",0.575,14.2135,18.8025,0,0,0,9.218,0,107.7635,0.155,19.9395,0,0.453,0,32.841,5.0615,0,0,0,418.8,0,0,0,0,69.95,0.155,0,0,5.4695,16.976,0,139.823,0,0,58.935,78.2585,0,0,0,22.675,0.9925,0.148,0,0,0,0,12.7,9.855,107.336,0.36,0.1195,185.503,0,1.221,0,25.712,0.0825,0,152.895,8.01,0,6,0.1175,0,0,0
"69",0,0,61.672,0,0,0,35.361,0,61.6995,23.5,33.432,0.15,0,0.427,19.7795,0,0.345,0,0,224.9435,0,0,0,0,13.2635,0.155,0,0,0.1125,0.4755,0,206.8255,0,0,44.5085,65.31,0,0,0,45.3,0.4595,0,0,0,0,0,12.955,0,64.948,0,0.234,79.6965,0,16.4595,0,0,0,0,196.769,0.154,0,5.97,0.1175,0,0,0
"70",0.23,0,0,0,0,0,16.9455,0,0.145,0,2.1005,0,0,0,0,0,0,0,0,16.061,0,0,0,0.572,13.4045,0.155,0,0,0.2985,0,0,0,0,0,0,0,0,0,0,35.175,0.246,0,130.075,0,0,0,0,0,37.0145,0.1285,0,0,0,0.18,0,0,0,0,0,0.23,63.42,0.115,0,0,0,0
"71",0,0,0,0,0.131,0,34.385,0,0,0,0.791,0,0,0,0,0,0,0,0,0,0,0,0,0,1.89,7.75,0,0,0,0,0,0,0,0,0,0,0,0,0,12.14,0,0,156.21,3.875,0,0,0.189,0.0325,28.1275,0,0,0,0,0.18,0,0.075,0,0,0,0,0,0,0,0,0,0
"72",17.48,0,0,0,0,0,19.053,0,0,0,0.2825,0,0,0,0,0,0.209,0,0,0,0,0,0,0,0,0,0,0,0,0,0,0,0,0,0,0,0,0,0.2025,0,8.35,0,61.135,0,0,0,9.869,12.331,47.0385,0,0,0,0,0.4265,0,0,0,0.215,0,1.2085,0.188,0.115,0,0,0,0
"73",0,0,10.875,0,0.316,0,58.675,0,0,0,0,0,0,0,0,0,0.3615,0,0,0.315,0,20.5,1.502,0,0,18.675,0,0,0.1425,0,0,0,0,0,0,0,0,0,0,22.675,0.451,0,122.3325,0.12,0,0,8.938,2.08,41.0165,0.195,0,0,0,0,0,0,0,0,0,0.23,11.64,0,0,0,0,0
"74",17.25,0.0535,0,0,0,0,19.766,0,0.6595,0,0,22.5,0,0,0,0,21.2615,0,0,31.5,0,0.205,0.587,0,0,0.155,0,0,0.1425,0,0,0,0.081,0,0,0,0,0,0.1925,12.14,0,0,96.135,0,0,0,0.3065,61.523,90.1365,0,0,0,79.0075,0.29,0,0,0,0,0,0.865,0.727,0.1,0,0,0,0
"75",17.25,0.3735,0,0,0,0,42.3165,0,0.301,0,0,0.5845,0,0,0.2695,0,10.45,0,0,54.75,0,0,1.013,0,0,11.08,0,0,0,0,0,0.32,0.141,0,0.154,0,0,0.0575,0,22.65,0,0,0,0.105,0,0,20.45,117.0575,0.8625,0.2585,20.35,0,66.4,0,0,26.75,0,0,0,0,0,0.12,0,0.1,0,0
"76",17.48,0,0,0.0765,0,0,14.6215,13.175,17.925,0,0.105,14.675,0,0,0,0,42.1615,0,0,31.7325,0,0.205,1.076,28.6,14.125,0,0,0,0.235,0,0,0,0.075,0,34.9465,0,0,0,0,68.025,0,0,36.352,0,0,0,0.8055,49.2865,1.1275,8.445,0,0,0.858,0.1705,0.274,0.0625,0,0,0,0.454,0,0.1,0,5.12,0,0
"77",0.345,0,19.6165,0,0,0,25.5345,0,0.224,0,0.105,14.82,0,1.9445,0.2695,0,10.45,0,0,15.75,0,0,0.489,0,14.51,10.925,0,0,0,0,0,0,0.305,0,9.362,0,0,0,0,22.675,3.9,0,148.4975,0,0,0,17.859,32.393,18.641,0.6485,0.425,0,0,1.151,0,0,0.135,0,0.3235,14.95,0,0.1,0,12.704,0,0
"78",17.48,0,24.15,0,0,0,37.9185,0,0.29,0,0,0.2935,0,0,0,0,10.45,0,0,0,0,0,0.587,1.32,31.3865,0.2185,0,0,0.1425,0.258,0,22.75,0,0,26.3835,0,0,0,0,0.2385,0.569,0,0.4225,0,0,0,0.349,0.15,28.8935,0.165,0.9685,0,0,12.8765,0,0,0.154,0,9.066,26.45,0.463,0,0,12.45,0,0
"79",0,0,100.4435,0,0,0,2.141,0,0,17.7175,0.277,0.4385,0,0,0.528,0,0,0,0,44.8525,0,0,0,0,13.316,0,0,0,0,12.966,0,0.286,0.1,0,0.4365,0,0,0,17.75,0,0.451,0,40,0,0,0,0.189,0.15,1.528,0.345,9.0225,0,0.3615,12.351,0,0,0.079,0,54.4575,0.609,0,6.1,0,0.249,0,0
"80",17.25,0,63.881,0,0,0,20.928,0,0.077,8.719,1.083,0.1435,0,0,0,0,10.45,0.13,0,51.2835,0,0,0,0,22.7415,0,0,0,0,13.3145,0,0,0,0,0,0,0,0.141,0.395,0,0,0,35.8,0,0,0,8.189,0,0.337,20.415,9.9355,0,0.3615,18.288,0,0,0,0,117.3475,0,47.7415,11,0,0,0,0
"81",0,0,79.4225,0,0,0,2.059,0,15.875,45.5,0,0,0,0,0,0,0.209,0,0,120.125,0,0,0,0,14.796,0,0,0,0,0,0,0,0,0,0,0,0,0,0,22.9255,0,0,31.6,0,0,0,0,0.2425,10.041,19.5,0.3915,0,18.82,0.686,0,0.1525,0,0,8.3395,15.26,246.0325,0,0,0.249,0,0
"82",0.345,0,17.4075,0,0,0,33.2975,0,4.375,0,0.5415,7.6435,0,0,0,0,0,0,0,81.6115,0,0,0,0,0,0,0,0,0.159,0,0,0.32,0,0,0,0,0,0,0.1625,35.775,0,0,0,0,0,0,0,20.6,1.1485,28.2785,20.35,0,37.25,13.849,0,0,0,0,0,0.754,264.496,0,0,0,0,0
"83",0,0,0,0,0,0,17.8995,0,0.3175,0,0.9425,37.665,0.066,0,0.378,0,0,0,0,59.99,0,0,3.268,0,0.415,0,0,0,0,0,0,0,0,0,0,0,98.5,0,0,11.925,0,0,1.2015,0,0.44,0,0,0.7605,20.1005,28.7675,0,0,0.382,33.551,0,0,0,0,0.5815,15.799,38.5855,0,0,0,0,0
"84",0.345,0.145,0,0,8.131,80.9575,13.733,0,67.2625,0,0.5395,0.2935,0,0,0,0,0,16.6,0,36.6175,0,0,89.828,0,13,0.155,0,0,0,0,0,0,0,0,0,0,331.375,0.08,0.2025,45.35,0,0,60.075,0.215,0,0,0,10.9975,0.391,19.815,17.003,0,0,5.2505,0,0,0,0,0.313,0.455,13.1195,0,0,0.286,0,0
"85",0,0,0,0,16.385,65.3825,66.115,0,79.465,0.1405,0.682,0,0,0,0,0.4805,10.3,33.2,0,8.857,0,0,28.4255,0,0,0,0,0,0,0,0,0,0,0,0,0,103.91,0,0.2025,0,0,0,2.54,0.32,0,0,0,11.166,0.53,28.514,14.078,0,0,11.0045,0,0,0,0,38.0935,0.7435,0.49,0,0,0,0,0
"86",0.345,16.81,28.25,0,4.085,0.4295,32.791,0,43.8615,0,13.7725,0.1435,41.2,0.29,0,0.2765,79.8115,27.7,0,0,0,0,67.442,0,0.1465,0.3735,0,0,0.3615,0,0,0,0,0,7.883,0.059,10.9235,0,10.48,10.9885,0.2275,0,284.88,11.465,0,0,0.255,23.3875,1.296,18.555,13.4565,15,0,0.445,0,0,0,0,36.8225,16.0335,0,0,0,0,0,0
"87",0.345,45.55,0,0,13.855,0,43.951,0,61.488,0,0.675,7.5,65.15,0.395,0,5.14,45.625,16.6,0,27.739,0,0,185.5485,0.56,0,7.75,0,0,0,0,0,0.32,0,0,0,20.1745,0,0,8.52,21.5,0.246,0,382.882,6.225,0,0,0,12.7935,19.55,10.73,0,15.22,0,39.39,0,0,0,0,0.781,15.875,0,0.15,0,0,3,0
"88",0,1.022,11.037,0,42,0,46.6375,0,48.8375,0,22.864,0,38.3,0.6275,0.15,19.74,83.155,0,0,112.4255,0,0,145.2115,28.6,0,0.155,0,0,0,26.375,0,0,0,0,17.5125,39.9,0,0.046,8.475,24.35,32.618,0,40.8,0.12,0,0,0.255,0.7425,0,10.1835,0,10.625,0,24.543,0,3.75,0.249,0,0,16.407,0,0,0,72.3095,0,0
"89",0,37.304,10.875,0,38,0,37.642,0,105.765,0,31.9925,7.5,58.609,32.475,9.1915,14.7405,102.206,33.2,0,116.925,0,10.25,98.4255,276.847,0,15.5,0,0,0,65.675,0,0.659,0,0,85.095,68.341,0,0,8.105,51.175,1.204,0,302.239,0,0,0,38.25,0,45.334,0.295,0.4375,23.09,0,15.1995,0,10.696,0.497,0,38.213,16.382,12.25,11,0,192.877,0,0
"90",0.345,10.69,0.5495,0,8.085,0,28.6015,0,105.813,0,9.647,0.15,0.4375,0.3375,82.0575,0.0855,66.0615,16.6,0,124.371,0,17.25,108.58,16.51,28.375,7.75,0,0,5.05,22.7135,0,0.4115,0,0,110.675,67.607,0,0,0.168,24.839,0.697,18.025,0.272,0,0,0,25.5,0,22.745,0,23.4,13.694,0,26.396,0,3.825,4.641,0.2465,138.9285,12.1785,0.127,15.0185,0,184.77,0,0
"91",0.1475,30.1525,29.8035,0,0,0,28.909,0.538,43.605,0,14.977,15,17.4,7.2,42.796,0.0505,45.156,0.562,0,83.125,0,0.205,0,43.585,27.25,0.155,0,0,7.6135,19.801,0,180.8,0.165,0,135.159,85.29,0,0.0575,0,0.5785,10.675,0.5085,99,0,0,0,38.25,0,1.196,0.15,0.559,0.6295,0,14.3145,0,45.975,7.16,0.26,275.7525,0.8645,0,21.62,0,23.108,0,0
"92",0,0,20.04,0,0,0,1.8825,0,40.925,0.17,1.3045,14.7685,0,0,1.465,27,38.5115,0,0,72.174,0,17.25,0,30.43,101.55,18.675,0,0,5.05,0.4045,0,152,0,0,114.355,94.24,0,0,0,58.95,10.675,0,68.332,0,21.959,0,38.25,0,0.4475,0.2585,0.592,0,0,38.2425,0,37.375,0.2,0,297.6,0.75,0.188,17.07,0,13.2085,0,0
"93",0.345,0,0,0,0,0,2.7145,0,40.925,45.59,15.522,0.1985,0,0,0.2575,0,0,0,0,0.3575,0,0.205,0.587,15.002,0,0,0,0,0.101,0,0,0.12,0,0,26,0.59,0,0.076,0,48.2,0,0,34.272,0,8.2935,0,12.75,0,44.75,29.55,0.325,0,0,0.0755,0,13.525,0.056,16.09,75.79,10.8035,76.7205,0.09,0,0.8165,0,0
"94",0,0,0.162,0,0,0,54.7715,0,23,31,15.1775,0.436,0,0,0.15,0.1055,0,0,0,0.5325,0,10.25,0.5105,0.572,19.0825,21.85,0,0,0,0,0,0.32,0,0,0.26,2.85,0,0,0,48.325,0,0,99,0,0,0,12.75,0,45.4775,18.338,10.175,0,0,22.175,0,0,0,0,35.9195,0.21,279.3645,0,0,0,0,0
"95",0,0,0,0,0,0,0,0,0,0,0,0,0,0,0,0,0,0,0,0,0,0,0,0,0,0,0,0,0,0,0,0,0,0,0,0,0,0,0,0,0,0,0,0,0,0,0,0,0,0,0,0,0,0,0,0,0,0,0,0,0,0,0,0,0,0
"96",0.536,0,16.2,0,0,0,19.4735,0,0.23,0,0.532,7.6985,0,0,0,0,0,0,0,9.0825,0,0.205,3.9585,0,0.636,0,0,0,0,0,0,0,0,0,0,0,0,0,0,22.947,0,0,0,0,0,0,0,1.2485,0.805,14.434,0.267,0,0,0.7905,0,0.6705,0,79.2,0.975,0,46.62,0,0,0,0,0
"97",0.191,0.077,16.2,0,0,0,2.582,0,0.23,0,0,20.6435,0,0,0,0,20.9,0,0,8.55,0,0,1.455,0,0.5235,11.08,0,0,7.3225,0,0,0,0.147,0,0.374,0,0,0,0.3255,22.947,0,0,241.6765,0,0,0,0,59.8735,0.4475,11.708,0.426,0,0,0.181,0,37.5675,0,99.5425,0.4675,0,25.301,0,0,0,0,0
"98",0,0.1985,16.2,0,0,0,17.7065,0,17.3155,0,0,16.725,0,0,0,0,50.909,0,0,0,0,20.5,29.776,0,0,0.2185,0,0,0.255,0.258,0,0,0.081,12.25,0.184,0,0,0,0,24.462,0,0,0,0,0,0,0,41.007,0.3575,41.3835,0,0,0,0.27,0,0,0,0.29,0,0,0,0,0,0,0,0
"99",26.8,18.752,0,0,0.085,0,45.739,0,13.015,0,0.4125,21.525,6.95,0.381,0,5.2255,65.85,11.5,0,55.765,0,10.25,0,0,39.35,21.85,0,0,0.34,0,0,0.659,0,0,0.154,0.059,0,0,0.168,6.7035,0,0,0,0,0,0,0,29.257,0.5505,29.373,0,15.2005,45.065,0.5015,0,0,0,0.8565,0,0,0.4685,0,0,0,0,0
"100",0,8.101,11.0715,0,0.3,0,3.512,0,13.015,0,0.5075,7.175,0,61.9745,0,0.4325,55.4,0,0,36.3355,0,10.25,0,0,26.46,11.08,0,0,7.4815,0,0,0.445,0.1,0,0.1285,0,0,0,0,59.3255,0,0.11,0,0,0,0,0,0.6395,1.165,36.954,0,1.2645,1.274,0.0755,0,7.625,0,12.316,0,14.95,0,0,0,0,0,0
"101",17.441,26.471,10.875,0,0,0,36.589,0,35.913,0,22.0675,7.175,0,106.306,0.378,0,65.85,0,0,9.417,0,10.25,0,13.75,26.35,10.925,0,0,0.6365,0,0,98.4865,0,0,0.444,0,0,0,11.6925,85.075,0,0.11,0,0,0,0,0,11.25,46.7375,46.6445,0,105.482,81.85,0.4295,0,0.405,0,0.501,0,12.225,0,0.09,0,0.086,0,0
"102",0.536,24.3275,32.2,0,0,0,33.2615,0,12.0445,0.1215,0.93,0,0,216.026,0,0.27,48.6,0,0,36.065,0,0,0,78.4745,64.85,0,0,0,0.741,13.0795,0,158.125,0,0,0,0,18.05,0,19.5375,22.947,0,0,0,0,0.24,0,0,0.192,9.832,18,10.309,127.4205,8.095,0.27,0,6.1525,0,0,0,0.317,0,0,0,0,0,0
"103",0.345,0,9.5565,0,0,0,45.572,0,23.2545,10.745,0.7115,0.1435,0,148.956,0.2815,0.27,48.6,0,0,126.44,0,0,0,57.7185,59.275,0,0,0,7.336,22.5,0,0.445,0,0,0.184,0.057,0,0,16.63,40.1975,0,0.11,0,0,0,0,0,0.817,28.605,0.36,35.1,0.2605,96.847,4.701,0,0,0,0,0,27.492,0,0.1,0,0,0,0
"104",0,0,84.6015,0,0,0,19.6485,0,34.5,0,0.277,0,0,44.847,0.2815,27,21.245,0,0,84.868,0,0,0,2.582,107.505,0,0,0,0.2635,0,0,0,0.1085,12.75,0,0.057,0,0,11.8305,47.4005,0,0.11,0,0,0.2025,0,0,0.1685,0.505,0.5695,11.881,0,91.967,13.5,0,0.0635,0,0,0.9135,0.5435,0.3715,0.21,0,0,0,0
"105",0.23,0,83.6,0,0,0,2.7375,0,11.577,0,0,0,0,44.927,0,0,0,0.13,0,65.9675,0,0,0,0,14.55,0,0,0,0,0,0,0,0,0,0,0,0,0,0,12.3005,0,0,42.0015,0,0,0,0,0.3705,45.64,8.8795,0.5995,0,120.0825,0.29,0,0,0,0,32.385,36.242,55.5405,0,0,0,0,0
"106",0,0,22.392,0,0,0,11.1305,0,0.4575,0,0.2495,0.15,0,1.664,0,0,0,0,0,63.446,0,0.205,0.5105,0,19.5035,7.9685,0,0,0,0,0,0,0,0,0.184,0,0,0,0,22.261,0,5.5,1.2015,0,0,0,0,0.5305,140.457,0.36,20.058,0,19.8435,46.375,0,0,0,25.866,0,28.2785,181.8865,0,0,0,0,0
"107",0.766,0,8.33,0,0,0.212,19.491,0.403,11.9405,0,0,2.8935,0.106,0,0,0,16.811,17.106,0,62.55,0,0.205,47.314,0.68,18.8,7.75,0,0,0,0,0,0.2645,0,0,0,0,30.0725,4.5,0.3705,12.05,0,0,0.9935,0.105,0,0,0,0,30.241,8.8795,0.1315,0,0.1875,14.62,0,15.545,0,24.1,0,16.875,108.8415,0.07,0,0,0,0
"108",0,0,8.1,0,0,139.1,20.365,0,55.365,0,0.2495,5.6435,0.281,0,0.378,0,0.209,0,0,16.109,0,0.205,42.638,0,0,0,0,0,0,0,0,0,0,0,0,0,24.215,0,0.7205,0.5785,0.137,0,180.1725,0,0,0,0,0.2425,61.4505,10.3495,0,0,0,32.346,0,15.1635,0,68.1215,0.635,0.8775,93.4665,0,0,0,0,0
"109",0.766,0.5185,8.1,0,4.365,67.625,1.3705,0,39.7185,0,0.0675,14.63,9.125,0,0,0.305,61.185,102.031,0,0.4415,0,0,74.0745,0,0,7.75,0,0,0,0,0,0,0,0,0,0.059,9.93,0,0,21.625,0.246,0,122,4.96,0,0,0,0,71.07,11.63,0,0,0,14.67,0,8.2675,0,50.91,0,37.804,53.5495,0,0,0,0,0
"110",0,0.1305,0.334,0,0.085,0.17,51.6455,0,62.33,0,0,0.1435,53.325,0,0.15,15.351,65.7,16.6,0,20.683,0,0.205,41.2705,0,0,7.75,0,0,0.159,0.076,0,0,0,0,0,0,0,0,10.4855,42.525,0,0,311.6765,36.03,0,0,0,0.6975,89.243,0.497,0.2035,0,0,15.0955,0,7.94,0,63.4,0.199,116.642,2.674,7.615,0,0.075,0,0
"111",0,13.952,0,0,14.75,0,1.652,0,117.6805,0,5.7575,0.1435,63.784,0,0.4075,9.63,139.205,58.7895,0,56.721,0,10.25,74.027,0,13.175,0,0,0,0.148,0.066,0,0.445,0,0,9.65,11.14,0,0,26.293,0.6135,0,0,0,10.6725,0,0,0,0,134.6735,0.4345,0.4685,0,0,15,0,0.52,0,37.1,0,93.28,0.3615,7.5,0,16.89,0,0
"112",0,48.6365,0.3725,0,4.58,0.2,19.544,0,75.133,0,31.0455,0,17.6155,0,1.694,5.6865,65.219,98.26,0,95.25,0,0.205,139.65,0,0,7.75,0,0,0,0,0,22.25,0.196,0,0.134,35.15,0,0,8.668,41.722,0.1015,0,34,0.2,0,0,0,0,134.061,0.21,10.8335,0,4.45,6.6505,0,0.0635,0.174,12.3675,0.14,64.745,0,7.735,0,37.285,0,0
"113",0,4.15,15.7175,0,0.08,0,29.7475,0.2875,87.8675,0,6.189,0.2885,0.355,0,83.073,7.88,18.3515,107.5385,0,114.7265,0,0.205,189.8,0.275,0,0,0,0,5.773,13.0135,0,22.536,0.066,0,44.4925,25.336,0,0,0,91.325,0,0.11,70.9935,0,0,0,0,0.18,26.1705,0,18.475,0,37.25,1.371,0,0,4.009,37.366,0.4325,52.249,0.446,0.265,0,105.4105,0,0
"114",0.23,14.1025,0,0,0,0.17,1.8295,0,85.688,15.5,14.5635,7.175,0,0,130.0425,0.3555,21.1705,72.054,0,119.1535,0,0.55,72.402,0.145,37.6,0.155,0,0,0.2135,20.7,0,73.7,0.066,0,29.325,3.3645,0,0,0.32,36.4355,56.021,0,0.68,0,0,0,12.91,10.3,71.07,0,0.2015,0,0,0,0,3.25,0,24.1,43.139,42.9235,0.343,7.715,0,55.5025,0,0
"115",0.191,0.279,0,0,0,0,20.588,0.3455,34.6,6.4115,14.548,17.75,0,0,137.541,27,44.155,0.588,0,116.3015,0,0,0.915,1.0415,13.9245,0,0,0,5.625,32.5005,0,135.9,0,0,25.2685,8.2605,0,0,0.3255,59.3005,11.372,0,0.68,0,0,0,12.75,20.75,25.8005,0,10.265,0,0,0.451,0,6.425,0,0,95.596,27.5835,0.228,6.16,0,40.765,0,0
"116",0.23,0,34.825,0,0,0,9.1865,0,0.3585,0.173,39.55,0,0,0,19.577,0,0.206,0,0,67.25,0,17.25,0,0,105.275,10.925,0,0,0,0.0755,0,0,0,0,0,0,0,0,0,11.364,0,0,0,0,72.2375,0,0,0,52.775,11.225,0,0,0.477,0,0,0,0,0,87.924,1.422,0.8,13.37,0,0.474,0,0
"117",0.421,0,8.1,0,0,0,26.073,0,0,7.84,1.0735,0.094,0,0,0.378,0,10.3,0.15,0,31.7325,0,17.25,0,0,59.5075,0,0,0,0,0,0,0.298,0,0,0,0,0,0,8.98,35.597,0,0.1885,0,0,0,0,0,0,0.505,0.2245,0,0,0,0.3865,0,0,0,0,0.4325,0.5335,40.917,0.25,0,4.55,0,0
"118",0,0,8.1,0,0,0,19.1115,0,4.375,0.5325,0.791,0.3485,0,0,0.522,0,0,0,0,0.455,0,0,0,0,0,0,0,0,0.1425,0,0,0,0.066,0,0,0,0,0,0.1625,36.4,0,0,0,0,0.25,0,0,0,0.5505,11.225,0.4005,0,0,0,0,0.0635,0,0.241,0,0.652,91.6625,0.1,0,0,0,0
"119",0,0.0785,0.162,0,0,0,11.9045,0,0,0,0.5415,0.1985,0,0.4475,0.539,0,0,0,0,0.8915,0,0,0.587,0,15,0,0,0,0.1425,0.225,0,0,0,0,0,0,0,0,0.3605,24.475,0,0,0,0,0,0,0,0.2425,0.193,46.3815,0,0,0.147,0.5205,0,0.0635,0,0,0,0.2445,0.5325,0,0,0,0,0
"120",0.421,0,0,0,0,0,20.835,0,0.077,0,0,15.3035,0,1.0855,0.528,0,0,0,0,40.94,0,0.345,49.06,0,0,0,0,0,0,0,0,0,0,0,0,0,0,0,0.168,0,0,0.11,0,0,0,0,0,0.3705,0.563,10.6745,0.2015,0,0,0.1365,0,0,0,0,0.62,0,0.408,0,0,0,0,0
"121",9.895,0,24.3,0,0,0,19.221,0,38.538,0,0.277,10.25,0,0.362,0.15,0,28.9675,0,0,33.0825,0,0,72.12,0,13,0.2185,0,0,7.4815,0,0,22.25,0.196,0,0,0,0,0,0,23.5605,0.246,0,0,0,0,0,0,39.0695,0,95.2265,0,0,34.4,0.3085,0,0,0,12.6335,0,0.299,41.83,0,0,0,0,0
"122",0.23,0.504,8.1,0,0.085,0.412,32.948,0,23.4425,0,0.0675,7.6985,3.3,0.276,0,0.2765,73.475,0,0,0.5285,0,0,71.2975,0.405,0.26,0.2185,0,0,0.6115,0,0,22.25,0.075,0,0,0.059,0,0,19.625,23.072,0,0,0,0,0,0,0,117.1545,0.193,101.93,0,0,57.95,0,0,0,0,0,0,0.5435,6.475,0.115,0,0.075,0,0
"123",0,0.277,0,0,4.25,0,19.2425,0,23.3385,0,5.6625,0.1435,0,0,0,0.0855,10.8115,0,0,51.9,0,0,0.587,0,0.26,21.85,0,0,0.4025,0,0,22.25,0.141,0,0,0.059,0,0,0.883,36.6505,0,0,0,0,0,0,0,101.9685,0,103.226,0.158,0.3,34.4,0.6725,0,0.1275,0,0,0,15.1945,0.372,0.15,0,0,0,0
"124",0.191,0.4525,0.43,0,0,0,21.159,0.2595,23.4425,0,44.8095,15,0,0.9515,0,0.2765,48.9615,0,0,110.1175,0,0,51.139,0.405,0,21.85,0,0,6.1755,0,0,22.25,0.066,0,0.19,2.95,0,0,16.8,42.7755,0,0,0,0,0,0,0,16.3105,1.5225,38.521,0,45.1655,81.85,0.0755,0,0.0635,4.125,0.5585,0,24.749,0,0.27,0,4.7365,0,0
"125",0.23,18.754,0.5345,0,0,0,32.619,0,11.978,0,34.7715,22.5,0,0.6845,0,27.101,27.7,0,0,113.11,0,0,0,15.35,45.085,10.925,0,0,0.31,11.508,0,38.656,0.147,0,19,2.95,0,0,0.7255,46.1755,0.451,0,209.5225,0,0,0,0,17.462,0.193,22.38,9.5,104.107,83.75,32.111,0,0.2025,0.2135,0.266,0,42.4735,0,0.1,0,31.44,0,0
"126",0.421,8.7025,48.5825,0,0,0,12.186,0,11.5,0,22.8965,7.175,0,0,0.15,0,17.25,0,0,65.975,0,0,67.05,0.405,0,0.2185,0,0,0,0,0,22.548,0.066,0,9.634,0.059,0,0.055,0,42.7755,0.1015,0,171.325,0,0,0,0,0.3055,0.9205,0.3695,9.8595,41.007,0.7465,0.0755,0,0,0.125,0.26,16.3965,43.025,0,0.12,0,0.0675,0,0
"127",0.23,0,19.0825,0,0,0,9.9945,0,4.0005,0.473,0.961,17.1,0,0,0,27,0,0,0,76.425,0,0,0.426,0.405,46.8,0.155,0,0,0.335,0,0,0,0,0,58.4,0.059,0,0,11.5,59.675,0.2275,0.11,61.735,0,0,0,0,1.187,0.391,0.225,10.653,13.8875,0,14.0805,0,0.1275,0,0,35.249,27.175,11.525,0.12,0,0,0,0
"128",0.421,0,55.6875,0,0,0,8.8065,0,0,0.1215,0.791,14.405,0,0,0,0,0.3615,0,0,27.109,0,0,0.587,0,18.8,7.75,0,0,0,0,0,1.063,0.081,0,0.134,0.1375,0,9.65,0.168,11.3975,0,0,94.5865,0,38.9825,0,0,22.75,1.2375,0.455,0,0,0.3615,0.1365,0,0,0,12.05,57.428,61.585,42.05,0.22,0,0,0,0
"129",0.345,0,34.8325,0,0,0,37.2835,0,0.2275,0,14.1565,0,0,0,0,0,0.209,0,0,31.065,0,0,0.587,0,42.1185,0.155,0,0,0,0.225,0,0.445,0.1,0,0.634,0.1375,0,5.1965,8.4,47.5135,0,0.5085,243.435,0,0.1575,0,0,23.1205,20.4705,0.0935,0.19,0,0,4.2045,0,6.7675,0,0.5775,0.2685,70.5285,184.948,0,0,0,0,0
"130",0.421,0,8.54,0,0,0,26.949,0,11.577,0,0.791,14.5745,0,0,0,0,0.209,0,0,18.9225,0,0,29.35,0,0,7.75,0,0,0.1125,0,0,0.445,0.13,0,0.19,0,0,5.05,0.168,18.9125,0,0,14.8225,0,8.2145,0,16.404,0.8255,41.5555,0.195,0.6075,0,0.344,4.276,0,5.6385,0,12.8935,0.2685,49.7385,313.329,0.1,0,0,0,0
"131",21.395,0,24.3,0,0,0,11.1055,0,23,0,0,17.9195,0,0,0,0,16.456,33.2,0,0.4255,0,17.25,0,0,0.2635,0.155,0,0,0.159,0,0,0.445,0,0,0,0,0.344,0,26.0625,12.3005,0,0,0.292,0,0,0,46.069,0.225,29.137,0.238,1.4645,0,0.3615,13.9815,0,2.8135,0,41.2275,0,34.6635,328.396,0,0,0.0675,0,0
"132",0.162,2.675,16.2,0,0,29.5295,31.7065,0,66.5,0,0.4195,5.963,0,0.276,0,0,36.85,62.556,0,0,0,0.345,129.0105,0,0.376,0,0,0,0.1425,0,0,0,0,0,0,0,54.0275,0,0.1925,29.197,0,0,0,0,0,0,87.655,0.225,10.5595,0,16.25,0,0,0,0,0,0,107.472,0.2445,32.312,236.085,0,0,0,0,0
"133",0,2.752,0.162,0,4.36,91.05,20.549,0.1525,59.1125,0,0,7.23,17.4,0,0,0,10.45,0,0,0,0,17.25,118.8025,0,0.3,7.75,0,0,7.3225,0,0,6.275,0,0,0,0,32.3775,0,47.39,48.925,0,0,0,27.3275,0,0,38.069,1.0225,0.9095,0.195,64.234,0,0,0.52,0,0.055,0,54.191,0,36.2935,98.716,0,0,0,0,0
"134",0,6.725,8.1,0,5.835,0.382,47.3635,0,50.0145,0,0.2635,21.905,0,0,0.378,0,16.665,13.132,0,0,0,17.25,250.079,0.56,0.285,7.75,0,0,0.2085,0,0,0.1255,0,0,0,0,0.361,0.101,21.485,0.829,0,0,0,11.51,0,0,47.059,0.3195,0.9095,0.8935,46.3705,0,0,0.543,0,0.082,0,79.241,0,61.925,1.8615,0,0,0,0,0
"135",0,37.2775,0.162,0,36.25,0,26.121,12.975,29.6875,0,0,10.2175,12.25,0,0.5545,0,10.45,8.025,0,0.2175,0,0,246.082,0,0,0,0,0,7.191,0,0,0,0,28.45,0,0,0,2.796,26.985,59.55,0,0,0,6.425,0,0,68.05,0,37.8725,5.945,9.926,0,0,0.29,0,4.3775,0.285,63.6125,0,54.4905,1.2385,0.365,0,0,0,0
"136",0,37.4085,0,0,13.61,0,19.459,0,25.638,0,0,7.485,0.139,0.105,0.378,0,0.209,0.332,0,57.625,0,0,202.325,0,0,0.155,0,0,7.125,0,0,0,0,15.3,4.75,0,0,5.05,57.375,34.6605,0.137,0,0,0.44,0,0,26.093,0,40.852,13.085,0.6295,0,0,0.251,0,0.6235,0,63.366,0,8.345,0,5.265,0,0.079,0,0
"137",0,0.805,40.725,0,5.94,0,1.9965,0,25.9965,0,0.17,7.175,0,107.7715,18.9,0,0.3615,0,0,90.575,0,0,74.6525,0.745,0,0,0,0,0,0,0,0.298,0,7.65,66.4925,0.154,0,0,9.1525,29.1755,0.451,0,102,0,0,0,21.139,23.075,1.1415,0,9.8595,0.369,0,0.48,0,0.157,0.361,36.15,0,20.6135,0,5.041,0,27.4665,0,0
"138",13.65,0.079,10.625,0,0.08,0,27.305,0.115,12.725,0,0.447,0.1435,6.95,176.18,0.528,0,0,0.15,0,78.7,0,0,86.1645,14.322,19.0825,0.155,0,0,0.1425,0.1415,0,0.6825,0,0,99.4685,46.425,0.361,0,0.3705,71.6,0.6645,9.625,34,0,0,0,12.75,46.0675,20.0605,0.375,35.4915,0.2605,0,0.446,0,17.8,7.503,0,102.8195,0.545,0,9.885,0,49.1085,0,0
"139",0,4.15,11.27,0,0,0,46.082,0,0.23,0.1215,13.85,0.1435,0,260.1285,0.672,0,0.3615,0,0,66.1,0,0,47.901,0,0.376,0,0,0,0.1425,28.31,0,0.6705,0,0,128.3,22.6275,0,0,0.168,62.525,0.892,0.148,0.272,0,0,0,38.25,0.635,10.6515,0.735,35.3015,0,0,0.061,0,31.332,15.315,0,177.4275,0.7035,0.255,4.865,0,75.0975,0,0
"140",17.441,0,11.1745,0,0,0,19.447,0,0.23,10.9265,14.0995,2.8935,0,106.302,0,0,0,0,0,98.465,0,0,29.35,15.132,102.976,0,0,0,0.1425,19.5,0,58.0645,0,0,81.389,14.8165,0,0,0,66.975,0,0.148,69.46,0,0,0,38.25,0,22.837,20.79,0.392,0,0,0.061,0,9.0635,0,12.05,150.037,0,0,4.835,0,0,0,0
"141",9.78,0,0.162,0,0,0,17.353,0,0,4.5,14.5185,0.436,0,22.587,0,0,10.45,0,0,0.867,0,0,0,28.6,99.45,0.155,0,0,0.1975,0.076,0,0.406,0,0,26.4105,0.154,0,0,0,29.797,0,0,0.68,0,29.375,0,46.3465,0.325,22.938,8.1295,0.6845,0,0,0,0,4.6385,0,0.266,165.399,0,0,4.5,0,0,0,0
"142",17.25,0,0.602,0,0,0,51.98,0,0.23,0.5325,1.2005,0.1985,0,1.2275,0,0,0.209,0,0,27.5015,0,0,0.587,28.6,8.3175,0,0,0,7.125,0,0,0.286,0,0,0.134,0.075,0,0,31.4,43.125,0,0,120.6,0,0,0,12.75,0,22.745,16.2335,0.267,0,0,0.535,0,0,0,32.3965,35.4835,0.145,11.7,0.34,0,0.225,0,0
"143",17.671,0,0,0,0,0,1.2825,0,0,9.625,13.85,0,0,0,0,0,0,0.15,0,27.375,0,0,1.616,28.6,26,11.08,0,0,0,0,0,0,0,0,0,0,0,0,19.375,6.954,0,0,0.6,0,0.2025,0,0,0.3195,0.644,29.6975,0.6605,0,0,0,0,0.082,0,15.875,0.2685,7.25,0,0.15,0,0.225,0,0
"144",9.78,0,8.1,0,0,0,10.6205,0,8.75,0,0.5265,0.055,0,0,0,0,0,0,0,11.9445,0,0,4.786,0.55,38.5075,10.925,0,0,4.625,0,0,0,0,0,0,0,0,0,8.72,36.5255,0,0.11,0,0,0,0,0,0.9035,0,54.6635,0.3605,0,0,0.061,0,0,0,12.6505,0,0.31,0,0,0,0,0,0
"145",9.895,0.077,24.3,0,0,0,28.8095,0,12.8125,0.1925,0.277,5.5,0,0,0,0,0,0,0,37.825,0,0,3.2695,40.905,13,10.925,0,0,0,0,0,0,0,0,0,0,0,0,11.8305,22.947,0,0,0.6,0,0,0,0,38.9435,0.745,22.38,0,0,0,0,0,0,0.1975,28.815,0,0.23,11.4,0,0,0,0,0
"146",0.23,0.3735,8.1,0,0,0.386,17.1035,0,13.6775,0,0.277,0.2,3.825,0,0,0,0,0,0,60.3515,0,0,29.253,1.085,0,0.2185,0,0,0.1125,0,0,0.445,0.2385,0,0,0,0,0,28.385,18.39,0,0,34,0,0,0,0,84.922,19.9975,77.3835,0,0,0.809,0.3085,0,0,0.0825,12.05,0,15.2985,0.127,0,0,0,0,0
"147",0,0.0535,8.912,0,0,0,44.5195,0.2505,17.1,0,0.28,0.055,0,0,0.15,0,10.45,0,0,48.8175,0,13.825,0.8275,42.6475,0,10.925,0,0,0,0,0,22.25,0.1835,0,0,0.115,0,0,0.55,35.472,0.6645,0,243.45,3.72,0,0,0,173.854,0,32.1235,0.3915,0,38.8,0,0,0,0.135,0,0.4325,0.31,15.377,0,0,24.986,0,0
"148",17.25,19.016,9.1075,0,0,0,38.073,0,27.225,0.155,0,0,9.275,0,0,0,10.45,0,0,42.25,0,0,0,71.4905,0.3,10.925,0,0,0.159,0,0,22.25,3.8585,0,0.134,0,0,0,8.5625,86.3255,0.451,0,60.675,0,0,0,19.1,77.5655,0.3575,108.5105,0.2825,0,0.858,0.095,0,6.375,6.924,0,10.5,0.687,0,0.07,0,0,0,0
"149",0.519,17.2675,22.307,0,0,0,0.554,0,25.45,0.1215,0.375,0,0,0.239,0,0,41.8,0,0,117.7015,0,0,0.489,75.0205,30,7.75,0,0,0.159,6.75,0,0.445,6.581,0,13.4,0,0,0.046,0.1625,28.9,0,0,31.2015,0,0,0,0,0,0.462,8.4855,40.05,69.544,0,0.19,0,10.1,0.135,0,0.21,0.5585,0,0,0,0.1735,0,0
"150",26.8,0.819,19.0125,0,0.085,0,1.7075,0.2635,38.575,0,13.675,0,5.8,0,0,0,0.209,0,0,162.325,0,0,0,42.191,19.085,0.2185,0,0,0.159,0.066,0,0.4235,9.875,0,0.134,0,0,0,0.488,33.9475,0.6645,0,0,0,0,0,0,0,0.193,0.4325,0,81.1875,20.375,0.061,0,3.23,0.266,0,0,0,0,0,0,0.086,0,0
"151",0.536,0,33.1475,0,0,0,10.568,0,12.725,8.65,50.745,0,0,0,0.15,0,0,0,0,204.45,0,0,0,45.3535,48.8,0,0,0,0,0,0,0.2535,0.222,0,6.7,7.7,0,0.1175,10.5175,77.8005,0,7.4,0.7145,0,0,0,0,0,60.52,0,0,28.3125,84.665,0,0,0.331,5.059,0,21.625,0.44,0,0,0,0,0,0
"152",0.766,0,106.03,0,0,0,0.687,0,0.3585,8.5,13.225,0,0,0,0,0,0.345,0,0,115.325,0,0,0,0,54.876,10.925,0,0,0.1375,0,0,6.6595,0,0,0,0.2915,0,0,0,82.575,0,0,37.684,0,0,0,0,0,18.5,0.225,0,0,25.069,0,0,0.642,5.75,16.116,18.574,0,0.463,0,0,0.225,0,0
"153",0.345,0,101.2395,0,0,0.212,35.789,0,0,9.075,0.2645,0,0,0,7.8575,0,0,0,0,56.675,0,0,0.587,0,6.84,7.75,0,0,0,0.066,0,0.5625,0,0,0.134,0,0,0,16.8,29.197,0,0,35,0,0.284,0,9.55,0,0.9125,0.42,0,0,0,0.6195,0,17.7575,0,13.572,66.3735,0,111.045,0,0,11.25,0,0
"154",0,0,33.1125,0,0,0,0.9535,0,17.925,0.17,13.225,0.1985,0,0,0.6475,0,0,0,0,47.1225,0,0,0,0,0.2825,0.155,0,0,0,0,0,0.12,0,0,0,0,0,0,0.2025,33.8005,0,0,50.2,0,0,0,9.55,0,44,0.225,0,0,0,0.155,0,33.95,0,24.9605,0.6655,0,163.7845,0,0,0.225,0,0
"155",0,0,46.3,0,0,0,1.557,0,0,0,13.225,7.625,0,0,0.528,0,0.325,49.375,0,0.3575,0,0,1.2905,0,0,15.5,0,0,0,0,0,0,0,0,0,0,0,0,0,58.147,0,0,0.68,0.12,0,0,0.6,0.3055,79.202,0,0.5285,0,0,0,0,37.5,0,0.241,16.4685,0,213.48,0.09,0,0,0,0
"156",0,0,0.6175,0,0.2205,10,33.5295,0,0,0,0,2.8935,0,0,0.2575,0,16.25,19.6215,0,9.65,0,17.455,43.8385,0,0,7.75,0,0,0,0,0,0,0,0,0,0,0,0.046,31.738,55.05,0,0,0.1405,0,0,0,0.409,0,34.9,0.195,0.59,0,0.745,0.2135,0,4.582,0,79.2835,0,31.7,36.024,0.09,0,0,0,0
"157",0,0,11.5,0,0,127.25,70.6215,0,13.0835,0,0,9.925,0.116,43.85,0,0,63.4,129.312,0,0,0,27.5,270.25,0.745,13.376,15.5,0,0,5.8225,0,0,0,0,0,0,0,14.236,0,10.2875,36.4,0,0,0,5.37,0,0,0.409,0.1685,97.3725,0.195,1.1445,0,0,0,0,0,0,62.393,0,0.6135,0,0.09,0,0,0,0
"158",0,0,0,0,10.665,51.692,35.932,0,48.7125,0,0.2675,0.1985,32.556,0.276,0.2695,0,43.8,32.231,0,0,0,0,309.837,0,0.285,0,0,0,0.1425,0,0,0,0.081,0,0,0,0.2775,0,37.293,48.8,0,0,0.1405,0,0.2725,0,0,0,53.7575,0.252,11.5575,0,0,9.5,0,15,0,25.05,0,0.7685,0,4.5,0,0,0,0
"159",0,18.752,14,0,0.2205,0,31.717,0,36.95,0,0.0675,0.1985,16.675,92.3645,0,0,68.3385,122.2115,0,0,0,0,356.662,2.22,26.35,0,0,0,0,0,0,0.298,0.066,75.825,0,0,0.2775,0,39.0325,64.525,0,0,0,0.215,0,0,40.4,0.4225,54.002,0.5995,61.5665,0,20.24,0,0,0,0,65.975,0,31.047,0,4.656,0,32.1975,0,0
"160",0,4.2755,0,0,0.08,0,32.662,0,12.725,0,3.48,0.1435,47.6355,49.101,0.694,0,105.745,120.25,0,67.425,0,0,323.987,80.565,0,0.155,0,0,7.435,0,0,29.225,0,0.07,11.05,7.87,0,0,0.1625,42.7755,0,0.11,0,0,0,0,20.609,0.411,35.4925,0,55.775,18.75,18.61,0,0,0,0.246,24.1,14.225,41.2525,0,13.425,0,15.625,0,0
"161",0,0.2375,0.3725,0,0.08,0,14.1075,0,26.1905,0,17.652,0.1435,22.3285,75.867,0.8095,0,73.23,102.7,0,58.6915,0,0,136.012,86.305,0,7.75,0,0,7.2375,0,0,22.25,0,0,38.484,19.975,0,0,0.1625,36.4,0.159,0,0.272,0,0,0,20.2,0,35.362,0,9.7015,0.508,0.745,0,0,0,21.629,24.36,0,21.339,0,4.556,0,58.4165,0,0
"162",0,0,0,0,0,0,0,0,0,0,0,0,0,0,0,0,0,0,0,0,0,0,0,0,0,0,0,0,0,0,0,0,0,0,0,0,0,0,0,0,0,0,0,0,0,0,0,0,0,0,0,0,0,0,0,0,0,0,0,0,0,0,0,0,0,0
"163",0,7.9,29.75,0,0.19,0,36.7985,17.275,79.225,12.15,0.277,0.1435,0,1.1645,66.9325,0,44.8,63.225,0,119.35,0,0,0,16.901,18.8,0,0,0,7.2375,24.5,0,207.1,0,0,29.35,15.7075,0,0,0,17.5105,0.323,0,53.272,0,0,0,0.5395,0.505,63.05,0,19.47,0,24.688,0,0,0.075,0.401,37.1,0.6425,28.2785,0.42,25.845,0,47.9225,0,0
"164",0,0,22.652,0,0,0,37.7055,17.275,17.925,8.5,14.4725,0,0,1.2275,34.2595,0,72.175,25.782,0,30.6385,0,0,0,28.6,37.6,10.925,0,0,0.1975,35.75,0,105.675,0,14.225,9.7265,0,0,0,0,47.4005,0,0.11,73,0,0,0,0.5395,0.206,53.4,7.639,0,0,17.2,9.716,0,8.275,0,0.3175,38.0935,50.4685,0.99,8.7625,0,36.15,0,0
"165",0,0,44.6325,0,0,0,18.246,0.3455,18.155,4.585,14.0995,2.75,0,1.2275,0.2695,0,0,0,0,15.75,0,0,0,28.6,47.05,10.925,0,0,0,0,0,0.12,0,0,0,0,0,0,17.3125,49.0255,0,0,139,0,0,0,0,0,0.193,0.1445,0.2035,0,37.25,0,0,0,0.344,0,16.713,59.2235,16.26,0.205,0,0.225,0,0
"166",0,0,0,0,0,0,2.674,0.3455,53.775,18.875,13.0345,7.175,5.3,0.89,0,0,0,0.332,0,11.625,0,0,0.5105,0,18.8,0.2185,0,0,0.1425,0,0,0.5625,0,0,0,0,0,0,0.32,42.7505,0.2135,0,40,0,26.45,0,0,0,0.698,5.007,0,0,0.745,0.12,0,0,0,80.36,17.5495,12.877,19.518,0,0,0,0,0
"167",0,0.171,0,0,0,20,37.351,0,47.538,0,12.752,0.1435,19.275,0.89,0,0,0,0,0,11.625,0,0,0.78,0,18.8,0.2185,0,0,0.1425,0,0,0,0,0,9.5,0,27.875,0,26.3175,29.4475,0,0,40,0,0,0,0,0,0,0.706,0,0,41.7,8.0245,0,0.2525,0,66.95,0.2445,41.875,9.4,0,0,0.225,0,0
"168",0,0,0,0,0.085,32.9625,1.0985,0,54.0375,0,25.227,5.6435,14,0.89,0,0,0,0,0,0,14.9,0.205,1.527,0.85,0,0,0,0,7.125,0,0,0,0,0.07,0,0,14.75,0,44.8425,23.072,0,0,0.8,0,0.3325,0,0,0,0.3575,6.1685,0.2825,0,0,0,0,0.1275,0,40.9515,0,0,36.025,0,0,0,0,0
"169",0.345,0.145,0,0,0.085,136.55,16.927,0,70.1945,0,4.153,5.6435,40.475,14.162,0,0.09,38.129,0,0,0,0,0,0,0,72.225,0,0,0,0.1125,0,0,0,0,0,0,0,94.49,0,27.668,22.261,0,0,0.8,0.225,0,0,0,0.2425,0,47.0345,0,0,0,3.775,0,0,0,39.1925,0,0.23,12.345,0,0,0,0,0
"170",0.23,6.525,0,0,0,17.67,20.092,0,123.805,0,0.5935,5.6435,90.225,13.162,0,0,46.07,0,0,0,0,0,0.54,1.252,27.685,0,0,0,0.1125,0,0,0,0,0,0,0,0,0,98.675,65.8,0,0,0,22.0775,0,0,0,0,0,20.185,0,0,72.35,0.289,0,4.175,0,12.3675,26.85,0.23,5.978,0.115,0,0,0,0
"171",0.345,0.682,0.3725,0,4,0,17.417,0,88.2615,0,0.4235,0.1435,81.249,88.939,0.378,0,241.9,0,0,0,0,0,0,1.5325,26.46,10.925,0,0,0.271,0,0,0,0,0,0.19,0.3005,0,0,26.543,30.8385,0,0,21.125,5.37,0,0,12.75,0.742,0.193,20.7795,0.2015,0.3,72.725,14.7135,0,27.6,0,24.1,0,0,0.127,4.5,0,0,0,0
"172",0.23,3.85,0,0,0.461,0,8.528,0,53.65,0,0.5985,0,53.5485,57.825,0,5.365,20.9,0.2635,0,53.025,0.149,0.345,0,86.9575,0,29.6,0,0,5.7835,0,0,13.225,0,0,18.19,0,0,0,33.05,79.4,3.751,0,264.435,5,0,0,0,0,0,13.14,0,0,63.958,0,0,0,0.174,36.15,0.1575,0,0,4.62,0,0,0,0
"173",38.3,19.1205,37.25,0,13.809,0,8.5845,0,36.3735,0,0.3475,8.475,18.1285,38.467,0.378,0.2065,74.69,0,0,43.9575,0,0.205,0,0.7225,0.26,21.85,0,0,0.31,3.3,0,22.5035,0,0,91.05,18.95,0,0,24.925,27.2,0,19.25,0.4225,0,0,0,0.255,0.4235,0,25.7245,0,59.6225,0.147,22.3255,0,38.2,3.029,36.15,19.131,0,0,0.09,0,0.161,0,0
"174",0.575,19.0415,37.39,0,0.115,0,48.6845,0,37.584,0,0.55,0.1695,0.0765,0.427,0.378,0,22.304,0,0,18.361,0,10.25,0,45.397,50.6,0.2185,0,0,0.1125,3.3,0,43.123,0,0,86.4435,7.8375,0,0,0.5605,41.7975,0,9.773,0,0,0,0,12.75,0.18,0,36,0,63.625,0,8.1,0,44.425,4.14,0,138.2145,0,0,0.09,0,0.225,0,0
"175",10.125,0,25.855,0,10.5,0,19.652,0,11.5,0,0,19.7,0,0,0,40.5,56.5325,0,0,0,0,10.25,0,0,102.025,0.2185,0,0,0.1975,3.3,0,0.12,0,0,106,0.1375,0,0,0.1625,77.725,0.323,0.258,28.2,0,0,0,0,0,0,8.3145,0,0.4575,0,0.4295,0,61.64,0.263,0,188.1825,14.95,0,0.09,0,0,0,0
"176",11.691,0,109.35,0,0.275,0,25.304,0,11.5,0,0.0675,8.6185,5.8,0,0,13.5,18.075,0,0,0,0,20.5,0,0.405,118.025,15.5,0,0,0,0,0,13.3505,0,0,28.2,0,0,0,0,35.225,0.451,0,14.6,0,59.3,0,0,0.17,0,18,0,0,0.089,0,0,0,0.056,27.925,179.025,0,19.9955,7.3,0,0,0,0
"177",0.575,0,12.41,0,20.5,0,31.37,15.3,11.5,0,0,0.1985,7.65,22.375,0,27,0,0,0,0.315,0,17.25,0.5105,0,75.175,0,0,0,0,0,0,0.12,0,0,72.5,0,0,0,8.7925,23.072,32.3,0,58.2,0,7.875,0,0,0,0,9.933,0,0,56.65,14.45,0,0.3425,0,25.3755,0,0,167.752,0,0,0,0,0
"178",0.191,0,0,0,0,0,41.82,0,0,0,0,0.055,0,22.375,0,27,0,0,0,9.965,0,44.75,0,0.405,37.6,0,0,0,0,0,0,0,0,0,0,0,0,0,0,36.4,0,0,124.305,0,0,0,0,0,0,0.5125,0,0,0.089,0,0,0,0,62.4175,0,16.005,243.0895,0.09,0,0,0,0
"179",0.191,0,0.23,0,0,32.075,1.9385,0,11.5,0,0.277,2.8935,0,22.375,0,27,0,0,0,31.693,0,37.75,27.9995,0,53.425,0,0,0,0,0,0,0.2455,0,0,13,0,31.875,0,0,47.1005,0,0,0.272,0,25,0,0,0.549,0.4475,26.8325,0.267,0,0.3615,0.216,0,46.882,0,22.5,0,36.38,118.6965,0,0,0,0,0
"180",0,6.525,11.55,0,0,150.695,19.9015,0,11.8585,0,0,5.6435,0,0,0,0,0,0.256,0,15.75,0,0,43.8575,0,63.6,0,0,0,0.0925,0,0,0,0,0,0,0,0.18,0,0.355,10.9885,0,0,0,0,0,0,0,0,0,22.533,0,0,0,0.3685,0,4.716,0,12.05,0.199,42.72,0,0,0,0,0,0
"181",0,0.145,0,0,8,97.3185,0.743,0,11.5,0,0,9.925,0,0,0,0,64.525,162.1,0,26.625,0,10.25,100.3165,0,0,0,0,0,0,0,0,10.7,0,0,0,0,46.07,0,0.365,0.4655,0,0,87.272,0,0,0,0,0,22.375,0.195,0,0,0,0,0,0.1275,0,24.1,0,16.577,0,0,0,0,0,0
"182",0,10.375,0,0,0.115,0,20.159,0,14.5,0,0.277,27.58,0,0,0,4.275,153.525,77.2,0,24.3,0,0.205,141.892,36.989,13.2635,0,0,0,0.1425,0,0,0,0,0,0,28.275,0,2.801,29.015,47.025,0,0,1.06,6.095,0,0,0,31.4605,22.375,16.975,0,0,0,10.675,0,7.3775,0,36.15,0.4325,81.242,0,0.1,0,0.0875,0,0
"183",9.78,21.427,0.231,0,14,0.386,0.893,0,58.025,0,13.675,38.155,0,0.3375,0,24.8705,45.156,158.9695,0,15.75,0,10.25,104.0875,0,13,0,0,0,0.4525,0,0,0.445,0,0,28.2,26.761,0,9.65,24.925,55.05,0,0,0.68,5.08,0,0,0,12.5455,22.9175,17.14,0,0,0,3.9885,0,15.375,0.135,0,0,16.202,0,5.9,0,0.3875,0,0
"184",21.395,22.625,8.755,0,24.6,0,47.192,0,88.525,0,14.0935,21.58,0,0,0,47.4005,188.985,107.275,0,99.475,0,0,90.45,1.305,26,0,0,0,0,3.851,0,0,0.075,0,51.2435,37.65,0.361,10.15,64.7425,42.525,0,0,0,0.2,0,0,0,0,50.9475,0.0935,0,0.2275,0,7.4235,0,17.375,9.7,25.3675,7.875,70.667,0,0.246,0,99.934,0,0
"185",0.575,22.625,43.155,0,13.615,0,64.3125,17.275,61.59,0,13.845,7.175,0,16.875,0.528,19.7555,170.935,164.875,0,136.175,0,0.205,118.15,30.98,27.25,0,0,0,0.34,20.225,0,0.765,0,0,59.059,49.834,0,10.301,52.175,39.9255,0,5.5,0,0,0,0,0,0,44.75,0,0,76.2125,0,7.1115,0,9.1275,22.878,24.1,50.175,58.5,0,0.12,0,160.029,0,0
"186",0,37.35,22.152,0,0.215,0,35.6015,0.609,48.865,0,0.6965,7.175,0,8.775,1.4125,27.2265,38.825,49.8,0,137.2,0,0,43.0775,0.85,18.8,0,0,0,0.1125,9.45,0,56.584,0,0,65.725,46.8,0,0,21.293,50.9225,0.389,0,98.925,0,0,0,0,0.325,109.0355,0,0,34.06,23.25,0.29,0,17,2.95,0,21.426,15.5,12.768,0.365,0,194.119,0,0
"187",0.191,0.079,22.9935,0,10.75,0,64.403,0.3455,18.1795,17.3,13.1125,0.1435,0,0.3375,44.725,0.1055,89.24,32.457,0,129.9,0,0,126.9,28.6,29.3885,10.925,0,0,9.875,39.875,0,15.5435,0,0,66.9,12.512,0,0,16.9625,85.2,5.075,0.11,250.75,0,0,0,0,10.3,129.625,0.15,0.19,20.943,1.68,0.1365,0,0,0.214,0,120.3475,0.5135,0,17.1185,0,34.919,0,0
"188",0,17.1,97.1,0,27.335,0,45.874,0.3455,0,34.575,14.0765,0,0,0,49.5775,27,31.35,0,0,53.968,0,0,41.375,57.2,56.375,0,0,0,9.875,29.575,0,22.37,0,0,26,19.007,0,0,26.65,50.1255,14.023,0,168,0,40.0395,0,0,22.9925,57.6325,0.183,0,0.4575,14.551,9.72,0,13.375,0.601,0,91.474,0,0,0.31,0,0.225,0,0
"189",0,0,61.55,0,16.585,0,29.321,0,0,32.375,0.791,0,0,0,0,13.5,0,0,0,62.7325,0,0,53.014,0.987,111.955,0,0,0,0,0.135,0,14.3,0,0,13,12.286,0,0,8.4,18.662,0,0,183.3735,0,0,0,0,0.3195,189.775,0.105,0.158,0,86.959,3.205,0,0,0,35.8175,15.085,0,91.041,0,0,0,0,0
"190",0.23,0,86.5,0,16.5,0,37.7855,0,0,25.75,13.44,0.1435,0,0,0,27,0,0,0,8.7825,0,0,27.5105,0,134.4,10.925,0,0,0.31,0.076,0,0,0.075,0,0,0.057,0,0,46.025,59.675,0,0,209.825,0.095,0,0,0,0.7745,137.566,0.447,0,0,117.111,7.9315,0,2.75,0,68.725,13.425,0,100.68,0.115,0,0,0,0
"191",0,0,44,0,16.5,0,29.064,0,0,13,0.95,2.75,0,0,0.2815,0,0,0,0,6.7785,0,0,26.538,0,121.3075,10.925,0,0,0.1425,0,0,0.286,0.081,0,0,0,14.75,0.0575,77.55,59.55,0,0,219.75,0,25,0,0,0.8225,159.0485,6.425,0,0,66.4775,0.3125,0,0.0635,0,92.85,13.425,25.45,109.135,0,0,0,0,0
"192",0,0,0.44,0,0,10,59.3495,0,0,0,0,9.925,0,0,0,0,0,0,0,6.546,0,17.5265,81.875,0,147.575,10.925,0,0,7.3225,0,0,14.3,0,25.5,0,0,14.75,0,81.55,36.6505,0,0,249.75,0,0,0,12.75,0.8795,80.0075,4.911,0,0,8.095,3.3,0,0,0,65.9505,0,14.95,171.875,0,0,0,0,0
"193",0,0,0,0,10.75,10.212,42.419,0,0,0,0.0675,14.35,0,0,0,13.5,0.355,0,0,11.015,0,17.25,158.7895,0.85,0,0,0,0,0.255,0,0,0,0,0,0,0,0.42,0,27.605,6.9755,0,0,34.9935,0,0,0,0,0.325,52.7325,11.569,0,0,0,0.12,0,0,0,62.9425,0.125,0.5785,56.3065,0.1,0,0,0,0
"194",0,0.1305,0,0,0,17.9295,20.2355,0,0,0,0.5415,7.175,0,0,0,0,0,0,0,43.6,0,0,121.79,0,28.551,0,0,0,0.066,0,0,0.4315,0.075,0,0,0,0,0,75.55,36.4,0,0,80.8,0,0,0,12.75,78.405,132.7225,5.919,0,0,0,0,0,0,0,0,0,0.892,0.711,0,0,0,0,0
"195",0,22.8545,0,0,10.61,0,99.5995,0,0,0,0.0675,7.175,0,0,0,0,0,0,0,29.825,0,0.345,140.47,72.28,0,10.925,0,0,3.4425,0,0,0.445,0.196,0,0,0,0,0,21.125,36.4,0,0,1.34,0,0,0,12.75,138.92,28.03,13.5165,0,0,195.019,0.149,0,0,2.859,12.31,0,17.724,0,0,0,0,0,0
"196",0,18.325,0,0,0,0,37.2835,0,0,0,3.652,0.1435,0,0,0,0,0,0,0,20.175,0,0,68.35,0.572,0,10.925,0,0,0,0,0,44.5895,0.066,0,0,0,0,0,38.5,47.15,0,0,0,0,0,0,0,38.025,28.03,6.68,0,77.599,0,14.69,0,0,0.129,0,0,14.95,0,0,0,0,0,0
"197",0,29.074,0,0,5.36,0,35.9065,0,0,0,13.5,0,0,22.722,0,40.5,0,0,0,11.625,0,0,167.925,226.9465,18.8,21.85,0,0,0.1425,0,0,22.784,0,0,0,0,0,0,0,42.525,0.451,0,0,0,0,0,0,0.1685,19.77,12.9785,0,127.41,64.25,0,0,0,20.459,0,0.3235,14.95,0,0,0,0,0,0
"198",0,47,0.43,0,0,0,32.4365,0,0.2545,0,0.27,2.75,0,0,18.9,0,0,0,0,18.625,0,0,29.35,0.56,95.925,0.2185,0,0,0,0,0,6.395,0,0,13.4,0,0,2.3,17.12,42.7755,0.2275,0,0,0,0,0,0,21.988,44.26,0.1445,0.2035,209.175,0,0.095,0,17.9525,0.323,24.366,0.1575,0,0,0,0,0,0,0
"199",0,14.1025,21.7225,0,10.5,0,86.089,0,0,0,0,2.75,0,0,0,13.5,0,0,0,9.8825,0,0,0.587,90.822,40.675,21.85,0,0,0,0,0,0.32,0,0,0,0,0,0,0,48.925,0,0,0,0,0,0,0,0.2055,1.328,9.9,0.267,74.105,0,0.061,0,3.175,2.879,0,0.756,0.444,0,0,0,0,0,0
"200",0,0,7.4525,0,0.105,0,38.024,0,0,0,0,0,0,0,0,0,0,0,0,30.925,0,0,0.5105,1.125,73.505,0.2185,0,0,0,0,0,14.3,0,0,0,0,0,0,0,48.8505,0,0,0,0,0,0,0,0.6975,0,13.3095,0.19,0,7.836,0,0,28.4375,0.1415,0,29.687,0,0.66,0,0,0,0,0
"201",0,0,27.855,0,0,0,28.8315,0,0,0,0,7.23,0,22.375,0,0,0.209,0,0,35.05,0,0.205,0,0,0.376,0,0,0,0,0,0,0,0,0,0,0,0,0,0.168,42.525,0,0,0,0,0,0,0.16,0,0.58,0.36,19.675,0,79.263,0,0,20.71,0,0,0.3235,0,95.863,0,0,0,0,0
"202",0,0,0,0,0,0,21.623,0,4.375,0,0,0,0,0.3375,0,0,0,0,0,11.625,0,0.205,0,0,0.9185,0,0,0,0,0,0,0.1255,0,0,50.534,0,0,0,0.168,42.525,0,0.1925,0,0,0,0,0,0.8255,0,8.502,0.457,0,5.342,14.655,0,78.15,0.059,13.3,13.6775,0,35.9345,0,0,0,0,0
"203",0,0,0,0,0,0,57.904,0,4.375,0,0,7.175,0,22.375,0,0,0,0,0,39.171,0,0,52.3865,0,0.636,0,0,0,0.066,0,0,50.1,0,0,65.9,0,0,0.1125,0,29.197,0,0,0,7.9275,0,0,8,78.325,0,14.3545,47.15,0,0,0.1365,0,38.3025,0,0,80.775,0,111.185,0.09,0,0,0,0
"204",0,0,0,0,0,0,40.441,0,49.9375,0,0.17,8.3935,0,0,1.2745,0,0,0,0,67.425,0,0,30.196,0,0.8995,0,0,0,0,0,0,22.25,0,0,26,0,0.18,0,8.4,22.947,0,0.11,0,0,0,0,0,8.88,0.5425,26.563,0.6605,0,0,0.19,0,27.7985,0,0,14.0985,0,37.2075,0.09,0,0,0,0
"205",0,0,0,0,0,0.2,36.844,0,68.675,0,0,2.8935,0,0.6995,84.3,0,20.75,88.775,0,15.75,0,0,44.553,0,27.25,0,0,0,0.1375,0,0,22.25,0.081,0,0,2.95,0.18,0.15,8.995,22.947,0,0,0,6.2,0,0,0,8.6675,0,43.74,0,0,0,0.695,0,45.9385,0,0,0,15.485,0.2485,4.5,0,0,0,0
"206",0,21.35,0,0,37.3,0,52.148,0.1525,95.94,0,0.486,0.1435,5.125,0,14.454,0,21.075,59.8605,0,16.1535,0,0,70.4485,0.2445,1.3585,0,0,0,0,0,0,22.25,0.13,12.25,0,2.95,0,0,0.1575,29.4475,0,0,0,22.225,0,0,0,0,1.27,51.8245,0.267,0,0,10.213,0,10.27,0.059,0,0,16.708,0,4.5,0,0,0,0
"207",0,0.506,0.155,0,11.135,0,41.6805,0.412,162.478,0,0.965,0,20.85,0,39.8445,13.5,10.8115,15.7885,0,39.171,0,0,40.858,77.3165,0.7035,0,0,0,0.3455,0,0,22.6815,0,0,0,3.061,0,0,0.488,49.0005,0,0,0,0.38,0,0,0.16,0.2425,0,36.5555,23.8135,44.6175,0.47,16.676,0,0.2905,0.187,0,0,31.4235,0.325,0.21,0,0,0,0
"208",17.25,19.4525,7.75,0,9.945,0,71.133,0,95.225,8.5,0.452,0,0.066,0,0.8085,27,20.9,0,0,75.4,0,13.825,90.8175,43.072,0,0,0,0,0.401,0,0,22.5145,0.066,0,6.7,0,0,0,8.5625,52.7,0,0.11,0.68,0,0,0,0,0,0,6.2645,0,152.9105,0,4.1065,0,0,0.129,0,16.171,16.2745,0,0.24,0,32.9475,0,0
"209",0,18.7815,34.125,0,23.5,0,45.8215,0,110.628,8.5,0.7015,0,0,0,0.6475,0,10.45,0,0,69.0425,0,13.825,42.25,0,14.125,0,0,0,0,22.835,0,0.7095,0,0,6.7,13.25,36.1,0,8.8325,23.3225,0.246,0.11,0,0,0,0,0,0,0.3575,0,13,200.664,0,0.4265,0,8.03,38.737,0.241,7.875,0.3035,0,0.176,0,11.855,0,0
"210",0,68.4415,45,0,0.195,0,77.725,0,74.255,0.2415,21.725,0.055,0,0,0.929,0,20.9,0,0,93.125,0,0.2765,1.6725,98.8445,28.635,0,0,0,0.1975,28.275,0,22.6735,0,0,0.134,16.4415,0,0,17.03,40.1975,0.6025,0,0.68,0,0.2725,0,0,0.225,0,0.455,0.2015,172.339,56.4,0.5215,0,0.734,24.8,0,0,15.5,11.4,0.056,0,77.1525,0,0
"211",0.345,14.3065,45.2125,0,9.831,0,37.294,0,76.371,14.575,1.1655,0.055,0,0,0.551,0,20.9,0,0,114.75,0,0,0,0,87.3,0,0,0,0.1975,30.175,0,6.573,0,0,0,0.154,0,0,8.765,40.861,0.2135,0,0,0,0,0,0,12.4445,0,0.195,0,105.7,19.132,0.0755,0,0.1275,0.079,0,59.06,15.7295,0,5.72,0,12.536,0,0
"212",0,0,70.8225,0,0,0,47.3405,0,11.5,0.09,14.314,0,0,0,0,27,20.9,0,0,102.546,0,27.65,0,0,68.955,0,0,0,0,0.0755,0,22.25,0,0,0,27.475,0,0,9.1875,42.7755,0,0,54.4,0,0,0,0,16.5955,0,0.289,0,0.23,63.914,3.356,0,0,0.184,0,103.5875,15.575,56.585,5.87,0,23.7,0,0
"213",0,0.1525,62.375,0,0,0,38.145,0,11.5,4.25,26.9495,0.055,0,22.722,0.551,13.5,0,0,0,21.75,0,13.825,0,0,32.646,0,0,0,0,0,0,15.345,0,0,0,0,0,0,18.7775,23.273,0,0,60.075,0,13.225,0,0,0,0,0,0,0.23,185.094,0.501,0,0,0,24.4255,16.6075,15.175,161.7505,0,0,0.404,0,0
"214",0.345,0,0,0,5.5,0,57.503,0,0.23,0,12.645,13.25,0,1.2275,0,0,0,0,0,0,0,27.65,0.845,0,0.376,0,0,0,0,0,0,15.3315,0,0,44.4435,0,41.1,0,10.5455,42.7755,0,0,263.075,0,0.5145,0,0,0,0,0,13.35,0,18.75,0.0755,0,0,0,25.5965,0,0,153.395,0,0,0.474,0,0
"215",0,0,0,0,0,20.212,63.7055,0,0.23,0,12.7395,2.75,0,0.362,0.551,0,42.8,40.381,0,0,0,13.825,40.6725,0,13.676,0,0,0,12.45,0,0,0,0,0,61.075,0,21,0,0.585,42.7755,0.2135,0,318.075,0.0725,0,0,8,22.75,0,0.2945,0.2035,0,0,0.061,0,0,0,63.818,16.175,0.3035,159.2365,0,0,0,0,0
"216",0,0,0,0,0,118.92,56.0565,0,11.7545,0,12.65,5.7485,12.4355,0.89,0.2695,0,37.205,112.1135,0,0.2325,0,0.2765,49.1895,1.8665,15.327,10.925,0,0,0,0,0,0,0,0,0,0,122.93,0,0.355,12.5725,0,0,154.15,0,12.5,0,0,0,0.462,0.5845,13.5535,0,0,0.9225,0,0,0,53.535,46.6475,1.181,1.621,0,0,0,0,0
"217",0,0,0,0,0,53.636,63.0155,0,23.3775,0,1.198,0,55.9,0.276,0,0,101.231,14.007,0,0,0,13.825,60.8105,16.87,0.5425,0.2185,0,0,7.5125,0,0,0.731,3.381,0,39,0,104.651,0.15,10.158,36.601,32.091,0,290.085,0,0,0,0,0.18,63.975,0.5845,0.1555,0,0,3.975,0,4.836,0,13.089,137.9925,0,7.2835,0,0,0,0,0
"218",0,2.675,0,0,0,0.68,65.781,0,0.966,0,0.2425,2.855,59.35,13.8,0,0.1955,135.161,24.4465,0,0,0,0.2765,22.1275,44.8425,14.25,10.925,0,0,15.7905,0,0,0.445,0,0,0,0.059,0,7.5,16.9125,48.925,0.246,0,320.615,0.095,0,0,0,0.3055,68.575,0,0.5495,0.3,0.089,10.312,0,10.125,0.056,12.05,0.847,0.155,0.38,0.37,0,0,0,0
"219",0,0.0535,0.3875,0,0,0.2,61.882,0,0.5445,0,0.277,5.305,20.006,12.2875,0,4.961,65.55,33.2,0,35.175,0,0,47.6525,319.174,27.685,10.925,0,0,5.8255,0,0,22.25,0,0,13,0,0,2.75,0.763,42.851,0.6735,0,0,0.105,0,0,0,0,88.125,0.3745,0,0,0,3.987,0,4.1,21.194,0,0,0.5035,0.125,0,0,0,0,0
"220",0,0,0,0,0,0,0,0,0,0,0,0,0,0,0,0,0,0,0,0,0,0,0,0,0,0,0,0,0,0,0,0,0,0,0,0,0,0,0,0,0,0,0,0,0,0,0,0,0,0,0,0,0,0,0,0,0,0,0,0,0,0,0,0,0,0
"221",0,16.4,38,0,0.115,0,53.655,0,0.29,0,14.8625,0.1435,88.5,14.4,0,5.3255,193.925,13.98,0,120.175,0,0,67.5415,212.7315,14.25,0,0,0,17,11.316,0,86.7485,0,0,13.9025,0,0,10.25,11.8305,24.7255,11.064,9.7225,334.59,0,0,0,0,0.4225,143.3075,18,0,80.079,0,19.4795,0,38.2775,9.429,56.3565,39.0355,11.9615,0,0.115,0,0,0,0
"222",0,0.3735,37.25,0,0,0,91.3825,0.3455,17.925,17,0.447,7.175,84.931,0,0.15,0.0505,170.91,16.856,0,111.675,0,0,64.525,290.906,56.55,10.925,0,0,10.0175,0.1795,0,159.95,0,0,23.344,0.1375,0,0.115,0.32,36.5255,44.2,0.1925,85.2025,0,0,0,0,15.975,115.7625,0.465,0,1.2065,0,7.235,0,0,7.173,0.241,61.667,0,0,4.65,0,0,0,0
"223",0,0,19.4725,0,0,0,83.431,0,0,0,12.752,7.175,0,0,0.528,0,160.61,0,0,45,0,0,0,84.7,39.6325,0,0,0,0.403,12.5755,0,70.7,0,0,32.1,0,0,5.58,0,36.6505,0.2135,0.1925,55.43,0,21.5,0,0,0,114.6,0.21,10.175,0,0,59.35,0,34.1,0,12.5,0.4325,0,0,0,0,0,0,0
"224",0,0,40.8775,0,0,0,89.148,0,0,0,13.3,0.1435,6.5085,0,0.378,40.5,75.2615,0,0,23.4675,0,0,0.8275,0.847,0.1285,0,0,0,0.1425,0.189,0,1.133,0,0,0,5.45,0,0,18.9175,23.3225,16.3635,0,68,0,58.055,0,0,0,196.7725,14.8925,10.175,0,0,18.495,0,17.95,0.059,15.875,32.771,15.1945,0.46,0,0,0,0,0
"225",0,0,40.415,0,0,0,97.6865,0,0,0,13.125,0.1985,0,0,0,27,0,0,0,11.8425,0,0,0,141.79,0,0,0,0,0,0,0,0,0,0,0,5.45,0,0,10.4555,36.4,0,0,54.125,0,103.75,0,0,0,257.175,18.735,10.175,0,0,30.816,0,0,0,0,38.6,40.8,2.065,0,0,0,0,0
"226",0.345,0,10.625,0,0,0,88.6465,0,0,0.16,12.752,0,0,0.4475,0,13.5,0,0,0,0.2325,0,0,0.489,46.6675,0,0,0,0,0,0,0,0,0,0,0,0,0,0,10.5125,42.7755,0,0,0,0,25.725,0,66.6395,0,197.2575,25.408,0,0,0,0.2565,0,0,0,13.3,0,21.5435,67.554,0,0,0,0,0
"227",0,0,10.625,0,0,18.825,53.7615,0,13.4425,0,0,2.75,0,0,0,0.27,0,31.88,0,11.625,0,0,1.455,35.5325,0,0,0,0,0,0,0,0,0,0,0,0,0,0,8.9225,44.515,0,0,34,0,0,0,126.375,0,95.417,20.5025,0,0,0,0,0,0,0,0,0,23.734,38.4865,0,0,0,0,0
"228",0,0,0,0,0,162.0885,71.2715,0,26.825,0,0,2.8935,0,0,0,0,32.706,51.347,0,11.625,0,0,125.6275,29.299,0,0,0,0,0.148,0,0,0,0,0,0,0,0,0,20.26,23.0505,0,0,0,0.105,0,0,157.534,32.395,135.1475,29.7945,10.984,0,0,0,0,0,0,13.5465,0,26.167,49.295,0,0,0,0,0
"229",0,0,0,0,0.085,18.0765,92.8035,0,62.965,0,0,8.3935,10.9,0,0,0,53.4,49.581,0,27.375,0,0,95.97,0.575,8.035,0,0,0,0.066,0,0,0,0.1085,0,0,0,0,0,18.6875,48.925,0,0,0,5.475,0.2645,0,102.3215,199.4435,170.5475,47.631,59.135,0,0,1.0165,0,0,10.119,12.888,0,43.075,1.3195,7.5,0,0,0,0
"230",0,0.0535,0,0,0,0,48.6575,0,71.025,0,0,0.1985,0,32.3475,0.2815,0,71.65,84.875,0,20.3925,0,0,130.4295,1.531,0,0,0,0,0.066,0,0,0,3.75,0,0,0,0,0,40.675,42.851,0,0,0,5.49,0,0,168.475,201.7285,153.655,74.561,0.267,0,0,0.095,0,0,0.614,24.39,0,13.2385,0.475,0,0,0,0,0
"231",0,51.4065,0,0,5.416,0,78.033,0,101.14,0.174,0,0,0,46.764,0,0,60.5585,47.025,0,157.6,0,18,90.6825,31.6105,0.2825,0,0.4515,0,9.875,0,0,0.731,15.6335,0,0.26,0,0,0,0.649,66.0005,0,6.25,0,5.25,0,0,84.029,233.6735,219.537,25.809,13.35,0,0.1875,0.9305,0,0.075,10.208,12.3675,0,30.776,40.7,0.07,0,61.075,0,0
"232",0,40.2325,0.2175,0,5.25,10.375,91.824,0,83.967,0,0,0.1415,0,70.9985,0.6595,0,56.839,47.404,0,112.5175,0,0,44.503,23.479,55.625,0,0.4185,0,0.2635,9.45,0,20.695,13.684,0,6.8065,0.1705,0,0,37.6965,30.2205,0,5.5,0,4.75,0,0,106.225,368.842,208.175,20.529,0.267,0,0,0.628,0,0,4.213,12.05,81.4045,20,25,0.171,0,147.528,0,0
"233",0,50.5275,8.109,0,0.105,0,89.2185,0,75.8,24.55,0.647,0,0,33.94,14.2845,0,31.395,0.9025,0,55.3265,0,0,90.164,117.591,55.625,0,9.975,0,0.2635,8.975,0,54.495,11.5095,0,13.966,0,0,0,16.951,55.968,0,5.6925,0.305,0,0,0,96.775,303.4985,217.6145,0.397,0.753,0,0,1.145,0,0,0.208,12.3675,51.742,0.4,0,0.156,0,132.0415,0,0
"234",0,120.55,29.534,0,0,0,94.5145,0,61.59,6.075,0.4395,7.25,0,0.638,15.13,0,0.4955,0,0,49.354,0,17.25,42.676,174.1015,103.55,0,64.1,0,0.066,92.891,0,102.945,0.1835,0,13.4,0,0,0,0.96,51.9185,0,22.41,0,0,0.2725,0,71.1725,67.5225,78.1575,0,0,0,0,0.4465,0,0.055,0,0.26,44.4205,0.4,0,0.075,0,78.893,0,0
"235",0,17.704,58.6615,0,0,0,86.7755,0,12.725,48.025,10.628,0,0,0,0.378,0,0,0,0,36.089,0,17.25,0,29.891,61.0175,0,10.9715,0,0,144.0385,0,0.704,0,0,0,0,0,0,24.6235,54.841,0,0.11,0,0,0,0,62.41,0.3745,41.843,0,0,0,9.375,0.403,0,3.3775,0,15.875,0,0.4,0,5,0,16.9985,0,0
"236",0.345,0,183.675,0,0,0,69.682,0,24.225,0.09,35.2015,0,0,0,0,0,10.3,0,0,11.8425,0,0.55,0,0.85,51.85,0,0,0,0,235.875,0,0.298,0,0,0,0.109,0,0,0.32,67.289,0,0,0,0,0,0,0,0,0,0,0,0,0,0.2635,0,10.125,0,0,0.4325,0,0.8315,0.17,0,0.086,0,0
"237",0.536,0,0.2125,0,0,0,106.56,0,15.875,0,47.8795,0,0.1285,0,0,0,0,0,0,23.25,0,37.75,0.8275,0,37.6,0,0.346,0,0,83.9,0,0,0,0,0,0.111,0,2.75,8.4,47.2895,0.066,0,17.96,0,0,0,0.16,0,0,0,0,0,52.1375,0.4475,0,21.875,0,15.875,0,0,39.012,0,0,0,0,0
"238",0,0,11.5,0,0,0,116.0695,0,43.4,0,47.427,0,6.425,0,0,0,0,0,0,11.8425,0,10.595,1.6725,0,0,0,9.975,0,0,7.408,0,14.7675,0,0,57.608,0,0,7.8,41.875,67.2135,0,5.6925,342.25,0,25.725,0,0,0,0.602,0,10.309,0,30.1,0.304,0,49.875,0,42.5465,16.737,0,25.6595,0,0,0,0,0
"239",0.345,0,0,0,0,0,74.459,0,34.5,0,0.5265,5.2435,0,0,0,0.121,0,0,0,24.125,0,20.845,108.7305,0,0,0,11.8415,0,5.874,0,0,22.25,0,0,43.725,0,0,2.3,38.3175,56.066,0.0675,0,93.305,0,12.5,0,0,0,0,0.1075,74.3015,0,0,0.27,0,39.858,0,70.8715,0,0.155,0.125,0,0,0.2825,0,0
"240",0,2.675,0,0,0,62.3825,130.3785,0,12.0275,0,0,52.205,0,0,0,0,0,0,0,10.875,7.45,0,66.3675,0,14.125,0,0,0,0,0,0,52.05,0,0,44.4,0,0.781,0,45.8715,49.941,0.246,0,478.25,0,0,0,0.189,0.3195,0,0,29.917,0,0,0.4015,0,61.725,0,113.4715,37.8,0,25.65,6.125,0,0,0,0
"241",0.345,13.589,0.11,0,8.25,0,91.0795,0,24.39,0,0,63.6685,30.125,150.225,0,30.2,212.575,0,0,10.875,0,0,64.6005,51.022,40.15,0,0.1995,0,17.1125,0,0,22.25,9.8255,0,54.475,9.55,0.6185,7.5,72.9875,49.6905,0.246,0,348.775,0,0,0,0,0,0,0,23.884,0,0,0.27,0,52.8575,0,55.0665,103.899,0,14.603,0.07,0,0,0,0
"242",0,10.5365,0,0,26.165,0,143.6565,0,11.867,0,1.5365,47.8,75.475,187.89,0,38.075,194.9,0,0,29.8,0,0,0.426,13.75,112.25,0,10.157,0,0.1425,0,0,0.565,0.5565,0,51.725,26.0555,0,0,43.0235,32.8565,0,0,685.975,6.1825,0,0,0,0,0,0,10.726,15.643,0.554,0.156,0,71.405,0,75.765,0.1575,0.2465,0.125,0,0,11.25,0,0
"243",0,25.601,0,0,5.605,0,123.395,0,11.8315,0,24.7205,50.7915,88.25,334.6,0.434,19.875,267.475,0,0,96.5,0,0,0,14.322,135.275,10.925,0.4185,0,0.6005,38.493,0,12.973,0,0,60.3,36.1125,0,0,50.2775,55.6635,0.1675,4.875,374.925,5.025,0,0,0,0,0,0.15,20.1435,41.98,0,44.875,0,41.0355,6.818,0,0.3235,0,0,7.8485,0,8.875,0,0
"244",0.345,48.4525,0.2175,0,24.75,10.5,144.767,17.5345,4.1045,0,41.631,27.3215,117.675,432.675,0.584,0.3975,327.15,0.332,0,127.101,0,0.205,0,56.25,79.5,10.925,0,0,10.13,46.818,0,0.565,0,0.153,76.725,49.45,0,0,95.1375,47.0925,0.635,5.5,172.5,0.335,0,0,0,0,0,0.3745,19.575,109.1825,0,14.751,0,32.3035,21.765,12.6575,16.435,0.21,0,44.9655,0,0,0,0
"245",0,86.1,0,0,18.32,0.21,106.057,0.2595,0,0,35.431,14.4915,69.7775,335.075,0.5545,9.4305,163.2735,0,0,125.7,0,0,0,42.5,46.04,10.925,11.34,0,15.8725,43.036,0,37.7015,0,0,90.775,55.2815,0,0,56.1375,35.8495,0.7395,25.158,201.8,0.12,0,10.325,0,0,0,0,19.575,154.225,0,53.395,0,45.525,6.999,12.3675,50.3235,7.7,0,65.6025,0,0,0,0
"246",0.345,0,14,0,15.25,0,94.6005,0.596,15.295,0,53.748,0.1435,14.105,94.015,0,0,88.925,66.4,0,67.9,0,0,0,0,19.801,0,0,0,0.4525,96.025,0,36.8035,0,0,115.05,31.575,29.5,0,53.1485,35.5695,28.45,15.86,84.9,0,0,0,0,0,0.3575,0,9.7015,119.445,0.3615,28.9725,0,0.2025,7.025,0,106.525,0.2465,0,95.36,0,0,0,0
"247",0,0,41.5,0,0.115,0,114.7775,0,0.245,7.65,119.02,0.1415,0,124.765,0,0,64.54,0,0,34.125,0,0,0,0,28.5,0,0,0,0.34,268.3,0,0.418,0,0,65.001,19.85,0,0,0.556,51.455,61.5135,0.11,201.8,0,0,0,0,0,0,0.15,9.8625,34.9425,0,31.2015,0,0.2675,0,0,71.7435,0,0,75.88,0,0,0,0
"248",0.191,0,0.1415,0,0.08,0,128.876,0.3455,12.48,0,66.047,0,0,44.5,0,0,10.45,0,0,11.1075,0,0,0,0,0,10.925,0,0,0.1425,34.1935,0,15.163,0,0,0.527,6.659,0,0,0,18.8895,0,0,134,0,19.725,0,0,0,0.3575,7.225,0.5175,0,0,39.247,0,0.1525,0,0,55.3,0,9.935,57.311,0,5.425,0,0
"249",0,0,0,0,0,0,88.1875,17.5255,0.245,0,39.5175,0.1435,0,0,0,0,0,0,0,0,0,0,0,0,0,10.925,0,0,0,0,0,14.718,0,0,0,0,0,0,8.4,36.3925,0,11.375,0.1705,0,46.75,0,0,0,0.193,0.289,0,0,0,70.5335,0,25.2825,0,22.766,0,0,85.21,55.45,0,0,0,0
"250",0,0,0,0,0,0,108.647,0.514,17.925,0,39.3385,7.472,0,0,0,0,0,0,0,62.25,0,0,0,0,0,10.925,11.625,0,0,0,0,0.743,0,0,0,0,0,0,8.4,36.1795,0,0.1925,0,0,13.475,0,0,0,0,0.289,0,0,0.455,29.462,0,3.2875,0,0.838,0.3235,0,129.618,40.875,0,0,0,0
"251",0,0,0,0,0,0,130.6725,0,61.3,0,0,23.8455,0,0,0,0,0,0,0,89.7,0,0,0,0,0,10.925,0,0,0,0,0,22.25,0,0,0,0,18.3585,0,0,19.8555,0,0.1925,0,0,0.25,0,0,0.32,0,0,0.234,0,0,9.606,0,0.1185,0,29.107,0,0,24.5545,0.284,0,0,0,0
"252",0.345,0,0,0,0,256.35,115.4825,0,92.027,0,0,23.267,75.8785,0,0,0,10.45,0,0,76.05,0,0,140.725,0,133.525,10.925,0,0,0,16.774,0,0.445,0,0,0,0,36.075,0,0.1575,49.492,0.2135,0,0,0,0,0,0,16,0,0.289,0.234,36.75,0,60.061,0,16.9675,0,12.05,0,0.4,0,0,0,0,0,0
"253",0.575,0,0,0,0,191.475,111.4995,0,137.177,0,0,40.0955,0,0,0,6.05,0,8.405,0,56.625,0,0,173.125,0.275,122.1,0.2185,9.975,0,0,19.35,0,21.4,10.8,0,0,0,0.344,0,27.95,48.0895,0.3725,0,0,0,0,0,0,0.32,0,0.289,0,114.85,0,31.513,0,0,0.187,0,89.575,0,0,0,0,0,0,0
"254",17.671,69.2615,42.975,0,8.215,10.8,175.5725,0,128.225,0,0,18.892,0,0,14.075,6.05,90.475,119.9,0,45,0,0.345,173.125,114.149,188.075,0,0,0,0,0.188,0,0,13.6175,0,0.15,15.55,0.344,0.201,38.3075,49.5005,0.5365,0,8.525,0,0,0.363,0,16,0,0.4175,0.125,164.8,0.3615,31.7495,0,8.8025,0,0.241,156.3,0,0,0,0,57.9535,0,0
"255",17.48,50.5675,10.8425,0,18.744,10.3885,123.531,0,126.4,0,0,11.7585,5.489,24.8225,27.55,0,90.6,111.25,0,10.875,0,17.25,178.862,135.4315,124.625,0,0.219,0,0.1975,9.617,0,0,24.178,0,32.412,58.915,0.344,10.105,0.168,56.9265,0.2135,0,8.525,0,0,18.15,0,0.32,0,0,51.315,211.4775,7.35,13.7635,0,39.0725,0,0,133.2145,0,0,0,0,68.475,0,0
"256",17.671,100.527,29.505,0,16.69,0.3885,157.4415,0,78.41,0,0.1725,0,0,0,0.2695,6.05,75.45,87.775,0,34.125,0,17.25,176.345,174.86,71.7175,0.155,0,0,0,37.843,0,6.275,24.268,0,128.875,85.075,0,0.145,63.555,64.1645,0.2135,19.25,8.525,0.2,0,18.15,20.2,0.32,0,0,65.125,214.125,7.35,21.904,0,51.775,3.501,0,46.096,0,0,0.105,0,111.1825,0,0
"257",34.921,85.625,58.25,0,15.195,10.6585,99.974,0.3455,92.195,7.15,0.5175,0,59.4,0,0.824,0.121,75.15,23.475,0,91.675,0,17.25,303.225,191.985,13.175,0,10.95,0,0.1975,36.275,0,26.789,0.334,0,183.266,92.007,0,0,68.055,79.488,0.2135,30.25,0,0,0,18.15,0,0,0,0.1075,88.65,199.775,0,0.27,0,36.7925,22.575,0,124.175,0.1515,0,5.225,0,132.2685,0,0
"258",17.441,105.65,91.3275,0,24.585,0,124.131,0.3455,86.565,0.27,3.845,0,23.215,0,35.3075,6.05,24.775,10.3,0,88.55,0,0,140.675,190.2465,26.35,0,21.775,0,0,94.2,0,116.85,5.547,0,168.125,53.875,0.295,7.5,61.4425,65.59,0.5365,34.685,0,0,0,18.521,0,0,0,0.4225,65.125,115.839,0,30.682,0,56.9135,28.925,0,51.225,14.95,34.3,5.225,0,103.1635,0,0
"259",17.671,0,131.446,0,17.75,10.615,101.631,17.275,12.725,32.025,0,0,0,0,14.3445,0.121,10.45,0,0,78.375,0,0.345,119.375,161.2,0,0,10.95,0,5.8225,211.325,0,77.164,0.106,0,128.393,38.275,14.75,0,65.85,81.763,22.45,9.625,0,0.105,0,0,0,0,0,0.225,36.875,0,0,93.025,0,13.1635,0,0,4.9825,42.435,5.875,5,0,82.15,0,0
"260",0.345,0,187.125,0,5.25,19.635,117.4425,0,25.527,40.835,0.534,0,0,0,14.075,0,0,0,0,34.125,0,0.345,0,72.55,0,0,0,0,0,265.8,0,71.284,0,0,106.001,0,14.75,0,46.025,58.8905,0.323,0,0,0,0,0,0,0,0,11.3325,24.3,0,0,53.4315,0,13,0,44.875,4.825,30.1465,49.825,5,0,56.775,0,0
"261",0.575,0,24.175,0,4,13.675,113.645,0,3.85,14.8,0.175,0,0,0,0,0,0,0,0,23.25,0,0.345,0,42.35,0,0,0.219,0,0,101.125,0,70.161,0,0,26,0,14.75,0,106.45,54.666,0,0.1925,0,0.105,165.4,35.4,0,0,0,11.702,38.0505,0,0,87.7045,0,4.5,0,98.425,0,30.5315,111.65,5.6,0,12.45,0,0
"262",0,0,0,0,0,28.425,103.4775,0,4.14,7.805,5.3175,0.065,6.95,0,0,0.121,0,0,0,11.625,0,0.345,51.05,0,96.8,0,10.825,0,0,34.6685,0,0,0,0,0,0,71,0,95.275,43.6935,0,0,164.2,0,51.375,0.708,0,0,0,33.422,23.8075,0,0,49.645,0,0,0,151.4,13.425,47.2315,77.035,0,0,0,0,0
"263",0.345,0,0,0,0,16.5135,119.1085,0,41.075,7.65,0,15.402,23.525,0,0,0,0,0,0,11.625,0,0,0,0,68.8,0,11.2765,0,0,0,0,0,0,0,0,0,80.27,0,84.8675,42.3425,11.244,0,122.575,0,12.5,52.65,0,0,6.875,55.2175,40.3725,0,0,45.65,0,0,0,141.8,0,37.825,83,0,0,0,0,0
"264",0.345,0,0,0,0,37.35,124.131,0,48.725,0,0.0675,10.325,0,0,0.4315,0,0,0,0,0,0,0,73.825,0,124.1,0,0,0,0.1125,0,0,0,0,0,0,0,0.295,0,109.75,47.828,13.332,0,203.5,0,0,0,0,0,0,33.3975,57.55,0,0,61.115,0,0.12,0,165.9,0,63.328,59.203,0,0,0,0,0
"265",0.345,10.375,0,0,10.055,84.525,131.2085,0,53.325,0,0,14.2935,58.125,126.1,0.15,0,212.275,0,0,11.625,0,0,156.575,0,95.925,0,0,0,26.175,0,0,42.825,9.181,0,0,0,0,0,135.7,61.691,16.3635,0,566.95,0,0.2725,53.55,0,24.65,164.15,38.275,0.2015,0,0,53.075,0,0.0635,0,121.55,0,54.525,49.288,0.1,0,0,0,0
"266",0.345,45.0665,0,0,17.775,100.51,101.8085,0,31.498,7.9,0.2885,0.3505,65.175,168.2,0,0,306.725,0,0,34.875,0,0,177.875,0,68.625,0,21.775,0,22.625,0,0,79.911,0.2625,0,0,13.25,0,0,132.6985,77.516,0.2135,0,382.125,0,0.2725,0.363,0.255,12.3685,135.7175,27.4995,0,68.2605,0.455,30.59,0,22.107,12.485,72.1,0,39.575,17.2315,8.71,0,0,0,0
"267",0,75.65,0,0,9.3,37,103.6705,28.225,19.665,0,0.7175,0.1435,0,168.2,0,14.825,257.825,0,0,79.475,0,0,136.5,113.95,42.625,0,10.95,0,22.7175,0,0,59.4,0,0,0,47.5625,0,0,116.825,65.377,0.7885,3.125,319.75,0.12,0.2725,0,0,24.3,152.275,38.59,0,37.0625,26.45,17.024,0,32.15,29.225,38.6,0,39.575,25.6205,8.71,0,8.05,0,0
"268",0,30.4985,25.2,0,0,10.615,77.0695,0,4.9195,0,0.372,0,0,126.25,0,0,26.9115,0,0,69.315,0,0,46.825,31.519,105.325,21.85,0.219,0,9.875,0,0,19.225,0,0,31.56,13.2,0,0,97.575,48.716,0.4595,0,274.41,0,0,17.8195,0,0,56.793,26.4945,0,13.025,7.35,26.574,0,13.375,60.559,24.1,0,21.449,0.125,19.45,0,0,0,0
"269",0,64.3,0,0,15.75,0,72.9475,0,0.23,0,30.47,0,0.066,61.25,15,5.275,0,0,0,57.29,0,0,73.825,282.55,54.55,10.925,11.625,0,20.197,0,0,83.225,0,0,79.625,6.6,0,5.2,96,77.8645,10.998,5.5,102,0,0,10.325,0,0.2495,177.0425,0.15,0,13.025,0.147,28.345,0,33,34.01,24.1,29.5,7.75,0,15.499,0,0.161,0,0
"270",0,54.175,28,0,9.8,0,125.993,0,0,0,21.73,0.1435,0,22.375,0.2575,0.1055,0,0,0,92.954,0,0,42.7605,160.45,54.55,10.925,10.825,0,17.23,0,0,37.3955,0,0,133.982,17.015,0,3.675,28.881,75.6295,0.9745,0.11,168,18,0,9.975,0,0,256.0875,0.2575,0,0,0,95.316,0,42.5775,31.308,0,51.646,0.4565,0,23.8,0,0,0,0
"271",0,0,54.875,0,4.05,0,113.98,0,0,8.75,43.075,0,0,27.3225,0.15,0,0,0,0,54.6,0,0,0.426,250.805,32.52,10.925,21.775,0,10.2475,63.275,0,15.02,0,0,161.575,16.9,0,7.705,25.041,49.816,0,6.875,134,0,0.2725,0,0,0,287.95,0.15,0,0.22,0,64.852,0,3.175,27.475,0,124.75,0,0.1895,19.049,0,0,0,0
"272",0,0,51,0,0,0,83.4775,0,0,4.25,21.45,2.75,0,0,0,0,0,0,0,35.75,0,0,0,0,41.375,21.85,0,0,0,42.474,0,29.92,0,0,100.325,0,0,15.311,16.495,74.5905,0,0,33,0,23.75,0,0,10.3,201.5425,0,0,0,0,37.6125,0,16.325,3.154,12.05,62.8275,10.5,0.3715,17.675,0,0,0,0
"273",0,0,45.0125,0,0,10.7735,137.6515,0,0.0875,9.4,0,2.75,0,0,0,0,0,0,0,46.5,0,0,0,0,75.35,10.925,43.375,0,0,0,0,0.565,0,0,60.8,0,0,0,0.5505,49.4935,0,0,0,0,27.825,0,0,0,283.575,22.952,0.2035,0,0,32.4345,0,30.55,0.1,37.4,13.425,0.3725,106.263,9.145,0,0,0,0
"274",0,0,18.5975,0,0,0.1785,96.4625,0,15.875,0,0,0,0,11.95,0,0,0,0,0,23.25,0,0,0.489,0,33.35,10.925,9.975,0,0,7.342,0,0.12,0,0,31.7,0,0,0.051,6.4395,56.066,0,0,21.125,0,18.218,0,0,0,349.4575,22.0925,0,0,0,5.362,0,28.52,0,85.29,37.8,0.21,105.225,14.29,0,0,0,0
"275",0.23,27.75,0,0,0,74.525,108.842,0,5.535,0,0.2495,5.6435,0,0,0,0,0,0,0,0,0,0,0,0,0,10.925,0,0,0,7.175,0,22.4955,0,0,0,0,0,0,26.81,59.465,0,0,101,0.345,0,0,50.8,24.695,326.2325,36.0445,1.102,0,0.089,3.747,0,40.9435,0,93.8,0,0.4565,195.15,14.2,0,0,0,0
"276",0,0,0,0,0,20,92.9625,0,87.94,0,0.3695,41.375,0,0,0,0,0,16.986,0,0,0,0,0,28.75,42.6685,0.2185,0,0,0,119.048,0,14.4255,0,0,0,0,68.669,0,47.0365,57.441,0,0,81.2,0.0775,0,0,86.775,9.6,233.4575,58.3695,47.15,0,22.75,29.82,0,0.173,0,93.5,16.175,12.325,0,0,0,0,0,0
"277",0,6.7415,0,0,4.05,109.5265,113.2885,0,98.8,0,0,39.7165,5.45,50,0,0,80.95,130.3575,0,0,0,0.345,230.98,0,115.63,10.925,10.95,0,0,118.175,0,0.2645,10.6,0,0,0,70.8,0,34.125,33.29,0,0,242.075,0,0,0,117.65,65.0675,262.6,35.495,92.65,0,0,13.75,0,30.97,0,80.475,0,0,0,0,0,0,0,0
"278",0.345,21.79,0,0,0,32.461,72.897,0,118.2825,0,0.6475,51.24,5.45,63.275,13.1445,0,53.25,127.125,0,4.4075,14.9,17.25,145.1,0,144.2,10.925,43.375,0,0,0,0,0,17.1375,0,0,0.059,0.6775,0,46.349,74.852,19.014,0,344.625,0.38,0,0,143.225,107.7165,327.905,42.26,65.175,30.985,0,42.184,0,39.6915,0,38.6,0,0.299,0,0.22,0,0,0,0
"279",0.195,63.8775,0,0,0,0,109.6595,0,110.425,0.3095,1.082,17.95,16.35,119.6625,0,15.3555,143.85,117.7485,0,50.3325,7.45,0,146.575,86.875,54.725,10.925,22.45,0,0,5.842,0,0.406,13.631,0,47.4,0.231,21.6185,0,78.8125,112.6,0.3125,0,314.975,0,0,0,104.9,218.664,234.45,43.225,78.65,60.53,0,42.81,0,52.575,16.86,38.6,0,0,0.7275,9.551,0,29.9435,0,0
"280",0,59.2915,7.5475,0,5.25,0,116.9925,0,110.165,9.5215,6.7375,7.6,19.4785,57.686,0.929,0,24.775,70.425,0,102.05,22.35,0,143.09,2.617,43.751,0,0,0,0,16.858,0,6.286,3.6845,0,90.4135,0,21,0,27.7985,98.1775,0,0.0625,240.75,0.095,0,0,98.014,421.706,167.6,0.15,51.3775,158.4,0,0.27,0,15.17,33.729,12.31,0,0,0,0.179,0,75.936,0,0
"281",0,54.62,0.486,0,0.0665,0.3685,123.395,17.275,106.5375,9.4,22.612,0.1435,29.991,70.2735,71.075,0,25.4615,24.68,0,216.75,7.45,0,48.145,58.2595,18.8,0,0,0,0,18.9,0,28.464,0,0,184.425,51.7375,0,0,41.9,95.8005,0,15.1875,370.325,0,0,0.363,97.45,215.5485,88.5045,0.2495,59.595,226.5,43.272,15.3445,0,40.0595,26.3325,13.1075,1.1575,0.4,0,3.899,0,82.6065,0,0
"282",0,46.471,12.75,0,0,0.085,149.12,0.3455,92.0375,24.175,21.62,0.1435,30.25,52.186,78.425,0,10.45,16.83,0,260.95,7.45,0,46.825,124.1555,32.5175,0,0,0,0,51.2,0,28.762,0.081,0,156.2,47.2905,0,0,41.47,71.5255,0.2135,8.848,212.6,0,0,0,115.3,64.2205,85.691,0,18.843,215.55,0,19.318,0,55.8,17.381,0.241,100.375,0,0,0.17,0,113.125,0,0
"283",0,0,53.025,0,0,0,102.117,0.633,67.4255,45.17,21.9765,0,0,44.336,152.575,0,0.648,7.85,0,204.05,0,0,0,0.307,22,0,0.2165,0,0,136.825,0,74.265,0,0,142.934,0.3955,9.295,0,58.4265,97.938,0.323,0.11,27.2,0,0.475,0,36.23,41.131,0.9595,0.225,23.4,34.168,0,7.1965,0,0.2725,0,0,41.347,0.4,0,3.679,0,76.3,0,0
