"","V1","V2","V3","V4","V5","V6","V7","V8","V9","V10"
"1",0.229634016411125,0.742285849086684,0.707200675047699,0.701455636321665,0.615347335873535,0.572045257991997,0.598913015456317,0.846640137774353,0.212340125743641,0.583350533310855
"2",0.938624990359857,0.316577405207635,0.183361216356683,0.626045875195103,0.285796269196151,0.810734736626784,0.5271621980693,0.335777256512238,0.249462398209099,0.436344015419051
"3",0.230565917206756,0.804591613207437,0.305871656558656,0.674077387539224,0.345602200467014,0.690078914267965,0.593120306014532,0.624404583670052,0.202308409246492,0.259465175872031
"4",0.162419523323106,0.627219488281544,0.589776608547388,0.425202051772996,0.960746196824926,0.773521354615971,0.297657824982958,0.809839053177403,0.437013803945354,0.327217896400071
"5",0.591070880817661,0.318396523794876,0.432660768240823,0.525188374062513,0.568762746584182,0.791573778182506,0.661653762193497,0.895407540160997,0.202997077261954,0.839524666943081
"6",0.565719646407816,0.30464194754771,0.379825771628215,0.475419172624198,0.62335156467106,0.777578536318304,0.544863537430707,0.407557475963526,0.710070758769696,0.427969820833857
"7",0.247124701438448,0.845735395451975,0.569853729768329,0.942124860152866,0.342502288327375,0.523142425265329,0.406921109158362,0.789800237224239,0.226313977739262,0.860472316306861
"8",0.560407548007322,0.845663767541208,0.743336253965505,0.643362657987458,0.890409894066228,0.877512510265341,0.576688295389301,0.602386918147186,0.456869082033409,0.35775939618621
"9",0.195342796444176,0.380944406345235,0.285741623546689,0.478113761161712,0.459089934231103,0.670089919161462,0.264167377330384,0.775448004438795,0.196107653488851,0.516311620900588
"10",0.201066107746507,0.572876746492527,0.640011266241363,0.795454138197562,0.562353797596854,0.814546438089665,0.416781035212619,0.484705570673505,0.39025583240635,0.464682325688576
"11",0.357705560059375,0.42762121571757,0.379849988140728,0.387615102034754,0.258133811824438,0.985943101652689,0.645530525798929,0.671798137674964,0.198321164941114,0.741949342628429
"12",0.576829997364521,0.499130032400527,0.627877113921772,0.359053690888282,0.319831513608301,0.869884646157867,0.480828190039232,0.699057180381254,0.205361014537387,0.380976829197041
"13",0.859762780840816,0.7648838930588,0.575807333845566,0.507003671634112,0.81309241353817,0.930521970496404,0.338005991044545,0.562383214598534,0.992833681255672,0.415876969948089
"14",0.207249966537703,0.636674083501235,0.722117198861874,0.478662843172171,0.645436396192461,0.739010791178335,0.234528605575175,0.616364807860424,0.386685461783834,0.302195787233791
"15",0.256751583342193,0.633647296795216,0.411980062053891,0.720969539486571,0.567111106484162,0.679704661617973,0.722825921866391,0.838880680872318,0.445379564584103,0.623364417657975
"16",0.203238306560757,0.498449872676439,0.899919815693095,0.598491591238176,0.243249000778107,0.751371465918345,0.290611393917157,0.983937107648662,0.142943095800612,0.68339261537279
"17",0.731562681253925,0.54333978182149,0.667060254715786,0.63980639942469,0.797560465176652,0.96903686663404,0.412508053720978,0.720508088792032,0.607536485516615,0.445727864327533
"18",0.227762120068664,0.851992194123787,0.720044816511405,0.739408240816212,0.240770400029135,0.969304325364454,0.927419695685344,0.592676145486948,0.205700958601127,0.469303402732305
"19",0.477441704014065,0.529104753836214,0.439677316897314,0.270299463662778,0.604584897488968,0.962310677504279,0.202912681561959,0.654735094391709,0.170295432219416,0.455406132912783
"20",0.554316088936753,0.375408381829994,0.307810766470814,0.36416009286717,0.577993491486027,0.814924517513368,0.282080103438764,0.291414847318578,0.789849038860968,0.328610106393494
"21",0.578428392132443,0.503269170442142,0.707509003205884,0.246782474927405,0.301260332614281,0.931461572612469,0.257159169964749,0.523954306119621,0.704463182117288,0.340507646524043
"22",0.379180925890929,0.78025308221356,0.312923013292252,0.558754863208249,0.538384178266653,0.83986312700271,0.873678962706309,0.570108817759157,0.501921338466426,0.260450586882385
"23",0.244937870316686,0.329201568250222,0.272840890118562,0.55584119318303,0.231517811868962,0.76105193248097,0.550115229813119,0.38168449296507,0.274977706372886,0.541508731341325
"24",0.839614301576716,0.542430922622162,0.478703833023963,0.952071102989434,0.252893524556638,0.835317048174593,0.859674019232453,0.636146262582518,0.24979796481547,0.32429827790484
"25",0.583137468637752,0.742363803181483,0.671815743149652,0.662875087774807,0.720818094952465,0.643076158453764,0.610703843560115,0.904147507964023,0.336757354733379,0.651974895054486
"26",0.463220452032876,0.310139454935566,0.706658884102481,0.512522524618032,0.809309507327032,0.638236574979627,0.727281883077774,0.801900538331633,0.687972325151482,0.485834974889637
"27",0.381533736058569,0.209080775209575,0.597001436158785,0.448041427140983,0.295228808806821,0.775904314008824,0.986956078675093,0.478222995541408,0.298938924224647,0.749773038916786
"28",0.84020221718998,0.552702680570403,0.523567495232032,0.636041524414582,0.256035198050652,0.203024463353396,0.900833775481115,0.621410719826707,0.381859381477895,0.456158490083175
"29",0.354257001840847,0.680096667984724,0.439223771993707,0.97663895399892,0.59776734116843,0.404472642980105,0.817528812835303,0.86677714963343,0.220279105377915,0.680044303114801
"30",0.723024505975041,0.193957981520928,0.509710894057365,0.296027511241524,0.908937763529593,0.891224900674038,0.442432915929278,0.670790114190392,0.420236869452342,0.344398594347461
"31",0.763527522787791,0.321879709079325,0.398450421459545,0.863672681890118,0.398003917104019,0.358902402808571,0.587887018349896,0.67472862193996,0.269369581394112,0.564568567497032
"32",0.669112428539019,0.474740550432341,0.334650132550626,0.374772841696347,0.206674538464747,0.521602360196232,0.78816894319369,0.542268860754715,0.699940739661996,0.733176083180672
"33",0.406717286402397,0.375836296599483,0.400860793345558,0.457162315519337,0.541856115735372,0.415521169358436,0.690202716201707,0.758261699069069,0.214099532483177,0.643333381450829
"34",0.273959136996236,0.723545540371547,0.325055762507607,0.457669444685115,0.554671350959323,0.434885027869255,0.518883912511367,0.752656288891257,0.213228416187853,0.731433968062261
"35",0.76116798710826,0.516635041246753,0.465504989610896,0.483355710273596,0.34708030830192,0.33271746862072,0.423365790061045,0.778915783525832,0.210106540052258,0.290911756166371
"36",0.791772810216933,0.656181714456098,0.367943129770689,0.566903997442808,0.990226204445766,0.404652490490629,0.803686423811789,0.892784452640564,0.417367656511947,0.493013735970431
"37",0.765033015194543,0.576619723671585,0.738696185116241,0.678480027909246,0.364433999163569,0.572974824210613,0.630221463491342,0.906240327026426,0.564713140009748,0.327027492411972
"38",0.358726698723178,0.696201143449473,0.42752152716008,0.478483796030109,0.443800798018749,0.479527784048473,0.545415901171728,0.927095429982098,0.231304698209562,0.66866276746257
"39",0.798293381532859,0.760752264992407,0.590234550386205,0.606598856119271,0.205885167935498,0.515000859705886,0.792985404125349,0.72475754966167,0.7074510065198,0.569776609505694
"40",0.22423174916177,0.330617237140665,0.351409103755894,0.239637333321267,0.656742826093006,0.488163516491885,0.317993770807178,0.486508826878397,0.178603856854982,0.559992750924285
"41",0.340659700728828,0.413109187749966,0.234897046962546,0.420370972929976,0.331502906983385,0.721634763564595,0.502647659425391,0.423437276028557,0.282844060947331,0.70405753064778
"42",0.222882587163316,0.455710149838472,0.533325714175912,0.202761441145368,0.14591583231392,0.422946143253379,0.422688334918193,0.720431496253904,0.185156740000938,0.603121755824813
"43",0.546650039757806,0.539985635857779,0.347915122116364,0.728945066737656,0.363763551870073,0.385248948029553,0.804089785744277,0.708673614031311,0.403532664463738,0.372782684323063
"44",0.26823622700438,0.467964897750155,0.206132720921527,0.513674934749282,0.829311993376995,0.756083992679095,0.681828936965534,0.630792189254909,0.464363528985015,0.566646379706859
"45",0.148193152019458,0.449315649356994,0.155845770862172,0.418459737769013,0.286700209114457,0.757955693979561,0.279684432705951,0.467731172295611,0.145681600387365,0.656441204500799
"46",0.542009404388232,0.416487138427607,0.278562580935246,0.296938107384869,0.297566240944917,0.747708499688387,0.762167216324021,0.378187784786264,0.222752280333884,0.515265551832275
"47",0.46351375966713,0.586704932292436,0.326692420361011,0.446051622410478,0.159264479785153,0.826030111018857,0.573670389948166,0.696215051067916,0.275655967187,0.490142625994845
"48",0.277986946736772,0.298050007731701,0.490804095309727,0.500274455788022,0.906155902790761,0.345576974819825,0.488153468528956,0.400403707866341,0.554447107104282,0.417802653403554
"49",0.626229097183313,0.478149140821561,0.196259297730511,0.609961206846962,0.223321907267009,0.569734126970168,0.71918821789141,0.44937041584758,0.25461196914939,0.300298764981511
"50",0.184985304429467,0.286491602744956,0.288913427894214,0.263489646305179,0.256104616753683,0.933082559047876,0.27700478355708,0.388040926161595,0.323689984732084,0.636501960680977
"51",0.210024102195848,0.392981013727888,0.208581946463523,0.723986137703225,0.177525431211238,0.522356621285826,0.926676985080203,0.380086140780076,0.268228407666425,0.338683326125469
"52",0.349537496897678,0.241044594751006,0.175213407013103,0.395150053544745,0.682260207077479,0.730953017303811,0.355067705834457,0.203962038119397,0.226357655567219,0.55427797016544
"53",0.757014973667344,0.256211898609851,0.384816054350063,0.381839846122571,0.437710847290233,0.609887782932101,0.817787853755074,0.360222440763682,0.731323893914728,0.407357737357511
"54",0.965873688981601,0.401835269583073,0.234511868106948,0.565986657023007,0.206688648407077,0.639327848391485,0.289975288734784,0.325163117495121,0.22945273560158,0.40171829066346
"55",0.251675280381936,0.382170383613298,0.20115843600733,0.4479971775279,0.157186373242875,0.40298438705726,0.39167925583851,0.533896073724618,0.26918074768268,0.266276612246237
"56",0.240356145990941,0.295000271045376,0.355212028628665,0.628968368127296,0.210137422427729,0.55484858605977,0.732544154219096,0.291386676640635,0.415441418096069,0.536608265224943
"57",0.243383108318282,0.243388375185937,0.157549046866218,0.30639688300743,0.378602349556889,0.664218125503735,0.293740049807661,0.314690328491267,0.123637919592277,0.37443827998222
"58",0.73528738036919,0.30208994303089,0.226737194537839,0.780634350396895,0.244441344153588,0.675425012736223,0.925426027342187,0.441857528311585,0.325720640178574,0.492886991123659
"59",0.217143012694781,0.330351094703405,0.407708744756997,0.912468789270405,0.962594338786759,0.712681805151295,0.562008033222564,0.427579910836983,0.282682721086724,0.445367421284346
"60",0.569441176606151,0.198369464039654,0.213554995293894,0.224687643981624,0.452416151711071,0.756918649869578,0.563039698632552,0.2411462272883,0.520307688355612,0.970442710254497
"61",0.612721280791476,0.824086067022708,0.580559130043265,0.581072846132427,0.653700390371408,0.865580180332705,0.46611769895896,0.781459907613297,0.221326692714115,0.62002668281997
"62",0.678841767682205,0.385459669966071,0.284078001069019,0.298166806503815,0.284786902764076,0.624720560547007,0.358144825062604,0.494118190764679,0.430883243339182,0.28839805970226
"63",0.386606081250132,0.452907056136331,0.447807224613891,0.531515675897616,0.690418129620987,0.567249437427475,0.602661651410552,0.620597858874422,0.306864547463639,0.528085236760453
"64",0.518448532930204,0.49710561168711,0.722756468130529,0.61575521925131,0.386295414106881,0.68835107179569,0.444240676102821,0.722913614693929,0.257072597444651,0.667739724354948
"65",0.503219296397629,0.288624069413124,0.632471023233025,0.592977711038556,0.355227687471966,0.672275798700801,0.841474764098554,0.466891690720425,0.333145683209447,0.396507236155551
"66",0.368801095034586,0.414487669746032,0.419687358450873,0.575198025491703,0.157691780349443,0.867432299147498,0.805834089065692,0.475699809534566,0.351317650283453,0.457948689105612
"67",0.94434435164823,0.725087894673592,0.479684194901019,0.661901124297022,0.982638378791007,0.192364484131229,0.779510402340837,0.757899929068289,0.870651145594575,0.301602162953477
"68",0.417432865367167,0.965166293053063,0.32889293143228,0.954406533046539,0.260807902141058,0.513540974205398,0.988429659691772,0.554701421534559,0.494601929815768,0.333486979266016
"69",0.750130601430696,0.361168567079344,0.919839828925148,0.311452639163286,0.264475096621905,0.836315493818381,0.3762882148053,0.393996149261169,0.812103735794118,0.518631606813499
"70",0.904724559929173,0.849351321858901,0.285441841665079,0.811090634666818,0.152362523484298,0.433950076919745,0.673355046016571,0.397181337909275,0.463997445992351,0.388635663079922
"71",0.815119757210821,0.314338171514808,0.379820546397616,0.421384724090952,0.55617081026157,0.664739281101338,0.662879577548255,0.58664179351202,0.326032204589793,0.287514289629293
"72",0.4770291124316,0.407178796886826,0.220413560869304,0.612306704433238,0.315246567885924,0.477031644705022,0.90952131593791,0.663475558117629,0.837955920572671,0.462030607812729
"73",0.312850844840008,0.617578877101465,0.180526360934895,0.48385820212006,0.246625808809288,0.566946696645408,0.347696871959847,0.441950652089604,0.189425651987324,0.449877810347978
"74",0.910795851073744,0.510683571624928,0.381740695307452,0.509854031234543,0.159182817300166,0.464965168639702,0.402616784428415,0.739589078682193,0.628974969234242,0.473136589087491
"75",0.827038277167693,0.396090672420932,0.409528280817024,0.65871335175653,0.230250616209574,0.457458039902528,0.852616779360461,0.517848799442453,0.5895214565486,0.633434673537743
"76",0.90722610373728,0.361405400893213,0.26795366968892,0.575387152612897,0.22178170559821,0.726111003719259,0.470576251339498,0.552207001129771,0.264117685243983,0.419012876110631
"77",0.423203739361276,0.365536856257188,0.394854345008373,0.55808313825754,0.253433730495851,0.577399143780686,0.609952755250819,0.635597974022324,0.51276412593149,0.54988429284244
"78",0.88317276915428,0.717765539666948,0.246067093599491,0.631978233426698,0.676750428728416,0.641522975135362,0.68246219022696,0.874228809931546,0.288050647093601,0.546847059233544
"79",0.260149746236427,0.398553106662912,0.575421208011005,0.282228687183873,0.677862698212005,0.557701508187821,0.389747933294671,0.525096424795666,0.536356081794762,0.472803293245516
"80",0.430309603874439,0.56051803519378,0.163497520654358,0.363090818018423,0.803302425974539,0.774971257111855,0.384576596784029,0.513760131881505,0.224524150229259,0.580418258675823
"81",0.26226867159428,0.430826106692538,0.487187754890812,0.235930859682452,0.210074451601355,0.506014275792073,0.353587911812765,0.77134697365416,0.352171312934788,0.370997193756507
"82",0.712084188471053,0.915353430162154,0.584378324071732,0.709310192368323,0.675060625204475,0.461215013074627,0.819069169466103,0.926204320662727,0.355983071548149,0.777251242178326
"83",0.522290897214842,0.575036633651524,0.701515167603804,0.218706260903553,0.595440130874368,0.998838375703639,0.256813527050377,0.80200334951375,0.425942353449541,0.381559131189536
"84",0.514151823004146,0.371187286604161,0.471287378898371,0.35584829277086,0.542826766662146,0.962458488789434,0.67691475400136,0.598682243245959,0.750754999021841,0.831756763985567
"85",0.554719696312413,0.503556391000276,0.47637618404959,0.388896473437059,0.352295374918567,0.308528773021284,0.758701318466181,0.63230949320849,0.2850326011267,0.308851416233386
"86",0.351773350804417,0.527023311284828,0.514573598436523,0.648335660615861,0.810432558324858,0.505375893932751,0.395261761158314,0.825433932283957,0.588637570786493,0.600481819312824
"87",0.894665123747319,0.365866974898019,0.605448927117428,0.360623288241103,0.58082477271072,0.69078564226241,0.815710062962233,0.748834848754668,0.343046594385843,0.403323034247378
"88",0.685898402817741,0.327198114212279,0.439490454171659,0.717601738960289,0.551318347863519,0.440204091633147,0.307726473081094,0.755438366261973,0.620623292925134,0.521171560876461
"89",0.680752232050632,0.410431484258308,0.346545615165426,0.131225520023219,0.257434156718173,0.789768735806117,0.620801739998943,0.559194222592244,0.402422986076147,0.446287083201792
"90",0.180983361277673,0.353458561264693,0.295053109335767,0.303585823380924,0.378108428309824,0.494707839745781,0.327932298640646,0.929311806233488,0.175268998209896,0.723096871346059
"91",0.174295181306254,0.953971877975565,0.269516554790277,0.729149136371083,0.714164842936974,0.618543807269614,0.813840829899865,0.86283584893251,0.486807559193543,0.762291015256651
"92",0.518844583461182,0.878618985056965,0.553772391219924,0.752309687511352,0.604570373829322,0.479946536635451,0.637862163257901,0.920689445746832,0.456042682853628,0.400533269542179
"93",0.676066542476722,0.894933084512771,0.377007900302494,0.3036060674265,0.678805139615647,0.353978207661012,0.307755816004668,0.908429981403121,0.556565468515587,0.564158627029011
"94",0.53111505567128,0.468071036450072,0.500007081504625,0.735501256446938,0.275674562198239,0.972252031418762,0.993482371692156,0.826226922281488,0.488733465803277,0.303153365347247
"95",0.322124105296223,0.67435763894446,0.524969075890383,0.428473737293182,0.786065354578215,0.629863607286661,0.315681168044764,0.936710001735606,0.550171969626781,0.735127077136528
"96",0.748153109134523,0.525865077992705,0.333798845367515,0.41483746012112,0.262242143265954,0.6541682389656,0.449387216699977,0.69613261186044,0.341737913522364,0.632836560338667
"97",0.156252936019925,0.372225517169827,0.548969687496124,0.309637488683881,0.681168645747099,0.675047737648153,0.30790554252614,0.624844273409573,0.154774675629078,0.57821195112043
"98",0.287742958173567,0.5382903261704,0.173159437882985,0.550024230218334,0.571859701399026,0.591207714630235,0.601627676901014,0.481758880180556,0.783921528865935,0.969455139561965
"99",0.149645972124079,0.463115212964644,0.589287895754866,0.278122025395249,0.259685476927679,0.587099643477988,0.73494853897777,0.652818217486113,0.317364860538288,0.611849319833147
"100",0.623936292286039,0.477235048378874,0.412338860172351,0.261240099537423,0.579314010918761,0.560827146170146,0.334420184040608,0.654121943580087,0.764803279728464,0.701341255848581
"101",0.927711636989121,0.667268460265868,0.856695554618603,0.629011803534917,0.251894516313371,0.951518090355231,0.656471731766472,0.536021227884335,0.408704615978498,0.479152834306576
"102",0.544010169634228,0.403464259768896,0.447093433158613,0.666720799959664,0.345140918323778,0.301617003914917,0.544946138965209,0.536682629944345,0.539863783706293,0.731771553827122
"103",0.842787560475215,0.274657731995551,0.405431899143804,0.456369230580354,0.609451616713185,0.547681510039955,0.901218346610853,0.628399552110849,0.268443664103464,0.311926294866787
"104",0.570916876582023,0.636687043149903,0.706037067685215,0.30305729043066,0.683444386183025,0.692700272299145,0.20193486887595,0.960648283834489,0.554807715512534,0.751303091407418
"105",0.518922328130621,0.25148027535957,0.348545537417462,0.390058554296104,0.30170158677626,0.453157486963993,0.67179367165075,0.578610374500177,0.318832844700395,0.392461989355715
"106",0.824031460965935,0.451393099138843,0.243757210140044,0.643816013873682,0.375716350798332,0.824034149330067,0.456885914627331,0.448539843886944,0.99907336799208,0.72497642715097
"107",0.509421837247587,0.452785856091036,0.250414338242601,0.6606109525496,0.416535183905882,0.510662931514837,0.840374137610611,0.639639638307652,0.225242168573191,0.399466755003195
"108",0.611104730192958,0.481832781221528,0.236645594709299,0.207871111423975,0.582965518314702,0.666435960173306,0.239737157649232,0.611721062601336,0.227457296280306,0.449730627973303
"109",0.455182418085577,0.622185160954952,0.437917676588891,0.2290940533737,0.24560093386945,0.524998324761016,0.222720282428681,0.569270694304071,0.250155340037654,0.311903907214505
"110",0.563855044064017,0.599445946957102,0.277544464991672,0.68168246762871,0.749434190159446,0.349194807994591,0.980375591119408,0.788587577774588,0.720671326618212,0.788906450589898
"111",0.466771374599174,0.416616437649015,0.39365303217143,0.256293988510249,0.304268145086901,0.979560754478736,0.270139813990019,0.910777131951907,0.6617521393198,0.886370524066198
"112",0.918963372740255,0.452464592531649,0.36828835229103,0.438847269512439,0.356050101265004,0.688086003495575,0.618917831756241,0.731442274687947,0.313662409436228,0.39416189673068
"113",0.579997074678161,0.316383696257405,0.340848670887479,0.472437053492828,0.265905191799515,0.664369564323651,0.709464185121328,0.447752807704498,0.809638049288474,0.430321511349868
"114",0.381025644355198,0.508548767374972,0.373777951052218,0.289815891194318,0.740402784137275,0.686042741065254,0.27948913567276,0.494663870879694,0.144901282840398,0.475360025386714
"115",0.588032730101046,0.292492773641322,0.209802204776153,0.14376528468431,0.376741057601278,0.562808665859912,0.292226473425182,0.348988705689169,0.382766226672351,0.36530951663473
"116",0.394258655489811,0.573758087213528,0.468758934384368,0.18709306174685,0.154909450950884,0.618799991092222,0.228359959135915,0.429852948403738,0.165780079942488,0.307846005069764
"117",0.711085114021526,0.367648544936909,0.378479659824121,0.562486295349184,0.375132093255828,0.610405166726318,0.876532327126399,0.469374663043246,0.60241092395247,0.347510331962011
"118",0.431261739261083,0.383491230473501,0.453723669664257,0.580089894754888,0.159216225621955,0.259209697614439,0.933962035188363,0.314094312796691,0.406757285545317,0.357771284930722
"119",0.659443745873446,0.379007534341109,0.366963906166114,0.475962676637509,0.668336709239378,0.517310514193884,0.774200570309092,0.606435705280605,0.716126778759461,0.690687700109281
"120",0.533032509151796,0.699602504508385,0.517833131826542,0.485239831990644,0.272863312680882,0.826908515200508,0.47321667817846,0.599334136911404,0.396224145107163,0.415549957744265
"121",0.434800880981109,0.384517042273839,0.401080570326366,0.510235873344973,0.87691510912761,0.44752654544805,0.595132982090494,0.721533857554502,0.649859437480828,0.51935842002392
"122",0.712606629614886,0.242568528141618,0.142758087242037,0.381455623581728,0.157733066507332,0.765239279030588,0.724266251418373,0.188940620220089,0.406876270669194,0.625119862132252
"123",0.346292336896194,0.349113322551352,0.275788453481408,0.806909551259215,0.247871700289516,0.486366946086086,0.647506184648942,0.448769998088748,0.298024762757175,0.907069443094389
"124",0.480156202521738,0.356688626279654,0.243983709801033,0.438451032725971,0.640968693176888,0.631892846215815,0.563796713318567,0.559233179131235,0.771231082514569,0.977762632713556
"125",0.320015554853081,0.410570629488422,0.414192018960143,0.539116794984492,0.991284164957634,0.476062058336175,0.427732684698639,0.621332061060686,0.650958165084016,0.35875599558802
"126",0.522580863982177,0.286413432021455,0.246450636909162,0.799071731178508,0.303816981262512,0.390968993835602,0.769962898707303,0.408375137924852,0.7597714782627,0.558275097864186
"127",0.349299722511802,0.224341758605931,0.288561708053727,0.300574721460076,0.237082030756156,0.926018978568276,0.682660735758553,0.393808286271318,0.317143295098844,0.37053512963883
"128",0.773215391099486,0.275981117312139,0.330895318970686,0.7781490559443,0.878607044466416,0.633506804357956,0.569719201126715,0.594959901403731,0.856952665026784,0.610623251527358
"129",0.51510719630563,0.286005012078485,0.33885085933064,0.633823797376671,0.16218997799591,0.664680040950843,0.753755919871858,0.366029347123038,0.34707416851199,0.52626681702425
"130",0.313989517877089,0.344875833818103,0.301376535941053,0.442755069641259,0.200727480871368,0.63917088274386,0.335357863276715,0.269391296110014,0.217447856771638,0.419555449123516
"131",0.494417378827939,0.405229124241468,0.254424146610987,0.236532477819693,0.309309945927536,0.690332102467171,0.574317282582324,0.808307846164504,0.911396606267605,0.873521043388547
"132",0.340716718738584,0.484168425826257,0.418239570224374,0.404741344159131,0.480328989987814,0.557640333720883,0.477915030745604,0.398200919048843,0.590963650229242,0.78138088383949
"133",0.628105325590057,0.484876225109661,0.355844634160895,0.417819768596459,0.417461511176455,0.513606252742325,0.722493681639939,0.468620430471282,0.803159783953265,0.601337818973633
"134",0.383980514367867,0.716715960872975,0.630838015154313,0.577972565021862,0.254989308924067,0.590371371626481,0.727143460819895,0.423942186942096,0.388584473309739,0.33108294299055
"135",0.795914079249922,0.506875040044627,0.489427419466786,0.571297084572267,0.281408169053403,0.232003745415736,0.560187089500981,0.447136541123254,0.883336294644897,0.427622500330812
"136",0.78920885028643,0.553911262931878,0.661556497345463,0.728478819602185,0.159477844599906,0.681242088098218,0.612912317572946,0.292549490058881,0.404549942202947,0.571426479474643
"137",0.818585089598778,0.533398352340365,0.519273926884214,0.465710703591993,0.616557677828002,0.495766086703899,0.640968853907821,0.810664691302937,0.538112302112454,0.498094546693647
"138",0.476393069716171,0.770405226791462,0.746809510730645,0.407613640705952,0.354002336986963,0.615207505494679,0.678080404667613,0.561453379990912,0.766302615628113,0.286185252467341
"139",0.312352555654577,0.568105449078047,0.578483432846243,0.451530596606815,0.236358047097385,0.571181008112107,0.524937015666907,0.36092068482145,0.219641134829843,0.336971996456516
"140",0.774528281453067,0.526187981199306,0.689896909846263,0.471063430239902,0.155743347983091,0.47537906187927,0.560948449373789,0.501229391378727,0.492407599031628,0.41733808006299
"141",0.943350669724755,0.545922473822969,0.872424711180372,0.793805306731936,0.244276220614316,0.47841631563474,0.621031882853996,0.537138891735848,0.770790583919906,0.694378253366112
"142",0.764398586696732,0.585987580222992,0.43467416929118,0.533524292724677,0.253158738051543,0.276883998243827,0.794539427847344,0.682009779219565,0.358551284030301,0.652169397666522
"143",0.428595271780175,0.532860027172686,0.798738189515743,0.66167861794566,0.250741628593656,0.603961826187665,0.5645046623413,0.504955235078649,0.473364537126785,0.488128147788377
"144",0.920254214154734,0.83798494554858,0.716564394584776,0.65356133234678,0.770963536930322,0.530937598094731,0.579169955742604,0.685958631674484,0.455031441414187,0.556802307251844
"145",0.236613789951743,0.802867994784485,0.741907435058215,0.331083037573995,0.648349492792386,0.668299910799482,0.427120846732928,0.616495760526409,0.390576360464157,0.420404945384292
"146",0.420904454547714,0.283689890268974,0.646303090010608,0.280612064669228,0.804972636410184,0.327863239571147,0.569561620463808,0.273625713045984,0.285522606193874,0.282413154075466
"147",0.256477443203195,0.687490204813573,0.887590557415263,0.26285249946057,0.219129374465732,0.645066973775312,0.54131421127024,0.55094764610603,0.308082619865421,0.280779927325473
"148",0.701824894593601,0.862838310839017,0.82611182441932,0.527572576380498,0.694989365349304,0.671494546067137,0.567279192221205,0.700404924215798,0.484912600364155,0.225067039986343
"149",0.375019309624284,0.330488329936302,0.27955791844492,0.279537692299776,0.47818023083625,0.432869373892329,0.313576996875364,0.57611850294071,0.423037922206177,0.211013410539372
"150",0.453926892744735,0.745056310953341,0.931316443779377,0.860023562827514,0.626571087005684,0.978866855199115,0.756680094327028,0.895997772408803,0.910951796491028,0.765217569311884
"151",0.618054290211399,0.366349930395113,0.383714186520314,0.365493562415795,0.256514254626464,0.889791901740333,0.583256190998764,0.357049191973977,0.27036141668134,0.377831234716046
"152",0.61800948786621,0.447716925127105,0.654767174105464,0.503051215449299,0.32702733566251,0.966994490077931,0.95309858225976,0.699369711992448,0.392327115268626,0.737881915594609
"153",0.720546628811291,0.647510536949308,0.822671518583346,0.503531920610719,0.986894571786372,0.957411507723682,0.312793054284798,0.85018691149646,0.456151374691509,0.812968058866682
"154",0.47035645464492,0.502707025826191,0.947302210867886,0.48869249980929,0.702007599697808,0.881287338949471,0.352771077682921,0.834884204490021,0.923463002449459,0.504807932754633
"155",0.350593389580607,0.443719915179875,0.547615240254413,0.572236592035411,0.541087142053015,0.793963889911109,0.889561149458797,0.777853471410464,0.525878251769003,0.448709269508633
"156",0.455232220312687,0.43535552858121,0.53629717105652,0.554788698495802,0.269647968740314,0.53624305367534,0.407275960654034,0.632675071419803,0.295930499024668,0.25217508823568
"157",0.92318172142944,0.462433821402052,0.875021296145851,0.51093175844817,0.73194357528848,0.971841093872059,0.650050764022783,0.965147534752029,0.894597465922063,0.818559890754485
"158",0.380955657323837,0.833246646248579,0.563158832451563,0.645393368114054,0.205178940424582,0.955241296645139,0.649018028698332,0.633552683748915,0.258293508029193,0.71702712046291
"159",0.534421108862661,0.402885092967932,0.671461558647718,0.249694951415522,0.474163398987972,0.88408116640616,0.405333653116479,0.357634075801978,0.417582770572423,0.288863661045006
"160",0.73157525274625,0.52721304058566,0.464990238099948,0.439338184237029,0.404795074701749,0.679664261454093,0.337598353867954,0.599245652616377,0.565886735681187,0.586246503411986
"161",0.477497706328384,0.493278742457315,0.83969493380964,0.218220970115305,0.281238342274355,0.974914825912291,0.324244430794422,0.701276810171929,0.698342078048775,0.914156241036649
"162",0.604245391045758,0.921133955952977,0.411479213767493,0.714895166488394,0.415596962738247,0.905289651908437,0.786663545597116,0.646974549142968,0.618257278289751,0.330031482214346
"163",0.823037112838032,0.348623949436389,0.268889098659002,0.435973403975075,0.412540130282412,0.386652748474033,0.330917479749278,0.607766723824283,0.4844094762063,0.247651599096357
"164",0.862670429446229,0.229566216750645,0.315895413925164,0.110438585496288,0.217863093422106,0.590951294749645,0.458431357144542,0.341422979078782,0.587938352045402,0.578420719095067
"165",0.266340082266839,0.369457136244839,0.224126560544831,0.239896079622594,0.750465563277892,0.46687688783487,0.296409087499956,0.571092629853533,0.525700850278497,0.324535846393515
"166",0.216946037711466,0.389110075653602,0.172537155366188,0.527468751261689,0.454630529469117,0.512583129519623,0.799900941471566,0.587648759690715,0.189570259634432,0.347023463203272
"167",0.662636553481375,0.521106126535777,0.33412175150775,0.615078735379912,0.342562774039103,0.303969811226462,0.885657655030206,0.557497729638717,0.50625634942842,0.23954795931758
"168",0.900874499489935,0.371715997253201,0.370482534671351,0.372074506807266,0.956389873792397,0.443472569139072,0.242579949035841,0.681021012977937,0.729450164155509,0.6620860836431
"169",0.732242844267425,0.203623573859169,0.257479953751647,0.445485039312231,0.547122740181953,0.616079722389743,0.806451597862746,0.763988582457989,0.561452251871376,0.68084045631133
"170",0.386095108177842,0.25936471088144,0.34574897329522,0.485048787895372,0.397243461763827,0.532840667958797,0.341690664767713,0.664107589480154,0.429693630306447,0.2977787722545
"171",0.961006776482344,0.285850677902661,0.26743993417057,0.331364568978264,0.253211060169508,0.590763060367539,0.353852883393914,0.35998073905868,0.49967031688911,0.300788302083103
"172",0.178528699351479,0.504724879205525,0.432325440186149,0.559174874636356,0.550003733211752,0.582715541715933,0.459459286677983,0.451649389804718,0.341557831645017,0.555176240862705
"173",0.336948374627075,0.231390214392489,0.18446398206651,0.233769553436234,0.330315790360386,0.819335492095921,0.584392135861782,0.387905488553633,0.267757871284125,0.379456027380605
"174",0.181970355507831,0.417173466535779,0.42701437096651,0.424320189402069,0.162544748874765,0.473759990410236,0.924586109853006,0.335099844071969,0.231801080045826,0.234879340776094
"175",0.722383343732246,0.478131659593163,0.578221459381401,0.159034527028148,0.386148755518063,0.412205791909283,0.25809465461767,0.395492941773386,0.519241990636859,0.45267378200703
"176",0.817041394589951,0.260778614848407,0.256400487208341,0.301689584754142,0.166437498548029,0.810360735822672,0.317881968018459,0.254868414081437,0.313967693866631,0.354776716296079
"177",0.346301253329625,0.320417796993514,0.611640952010488,0.436536460178683,0.388332091704067,0.985516465977404,0.846521205654541,0.663331026315373,0.349115196427581,0.511228705101797
"178",0.257136079799948,0.391115267622076,0.764672926380862,0.75704379354153,0.572919540069062,0.913208099639838,0.320114933225781,0.898347821413863,0.423645194336255,0.578429516429095
"179",0.95115210988637,0.375932651646881,0.964346326789377,0.693364904838742,0.928481892603093,0.810422454709997,0.453472907371183,0.803854960606849,0.782425704356277,0.815446053229318
"180",0.71128439005676,0.258559205579724,0.521162408550668,0.626294792268894,0.41166107968144,0.834463888144155,0.665657898954467,0.686665383158057,0.571536611887218,0.647952679188303
"181",0.976402666676399,0.271119429858355,0.407323251950963,0.677899978224428,0.409081438640157,0.460805561503281,0.352958259370414,0.520211643245559,0.453550173275058,0.398810226394483
"182",0.425473124680602,0.210150881182537,0.839716587866759,0.693288314215325,0.846444915408666,0.930110930496506,0.98263654539391,0.86000454600847,0.728208975576427,0.910411090393103
"183",0.860253937527386,0.490538694135339,0.492518619478871,0.758381472365834,0.194541874880257,0.905344073293115,0.478896371342303,0.424191661091823,0.363037736019267,0.950788104898186
"184",0.220763798988471,0.374841532882515,0.626097759064371,0.268503835622444,0.222224713351916,0.873639292135356,0.68472670323576,0.331632230500577,0.471185925964341,0.319056414069918
"185",0.405647795307266,0.401955958215429,0.531943800015984,0.544773428445401,0.27398342764826,0.659108288461981,0.548451597282486,0.626070562105487,0.539728357182814,0.464566969838699
"186",0.214484345090704,0.307033278424161,0.841662421980871,0.274644809023981,0.431528398156145,0.963586701251007,0.418776945771665,0.498277451000039,0.60053499414315,0.640557345883508
"187",0.74402259371613,0.766941602744012,0.418491532293502,0.534185142642229,0.432907037905034,0.88807042322083,0.507364652928347,0.459105901524895,0.730594249817211,0.302364221696486
"188",0.45696281193811,0.810662002470054,0.482437333634809,0.5212105344186,0.3203285503676,0.85166229868655,0.438724752707913,0.595133151493648,0.234701909031894,0.488517889568423
"189",0.407313787907181,0.343310578875588,0.325390212654152,0.126529135149366,0.273904843163182,0.949733711990516,0.526090290562367,0.361715577530229,0.21528574710185,0.5507567568053
"190",0.71565166276088,0.328465767392282,0.340708689075755,0.119105962552472,0.15820058500122,0.793123020274421,0.368144553663692,0.445065676813345,0.254046434471174,0.20744263582262
"191",0.841867901847272,0.454386347819286,0.698749470366584,0.733086702247697,0.182393268923395,0.608381905674733,0.5707201521654,0.561055571316685,0.692352425095603,0.516576542300915
"192",0.741604878077922,0.968981639509442,0.388788777976927,0.133791649341996,0.293983040084589,0.805871954350875,0.618825458989885,0.629589672910164,0.707420024918743,0.48069730134742
"193",0.650106055013761,0.533722999243741,0.513795720624795,0.402668938100347,0.202310089572466,0.966227081030252,0.305442012395767,0.433626186463942,0.288607247313611,0.374017788248849
"194",0.885484610314455,0.568089971496299,0.486434636518105,0.538127954978522,0.622364326205741,0.957404366763495,0.78408333183094,0.617511300757178,0.813342963753029,0.361624016797307
"195",0.26010997660165,0.592328429162294,0.542125859188161,0.128156564610607,0.404525500713394,0.937190876769511,0.222337630712753,0.781159918890198,0.142274683456224,0.522462848796087
"196",0.489231599629194,0.199894529952665,0.241539819441516,0.119850396987426,0.441157444860037,0.734292775860056,0.371624746016808,0.165855011426259,0.371364798697526,0.489599630049736
"197",0.269858808142621,0.693302523328208,0.495657790897648,0.111178185955585,0.247185428242231,0.931508214745785,0.422542689902889,0.436705950048572,0.155611564104053,0.381764746705824
"198",0.81774063799775,0.44754014429847,0.512285569327287,0.739022360676297,0.416294521975059,0.866862361445753,0.72965358753998,0.475131134558096,0.617148330607358,0.347299556575559
"199",0.833719061892392,0.351456980199062,0.823629162844643,0.264328274635817,0.299266910289548,0.9109398673568,0.270459916864245,0.844753920524581,0.200007221768967,0.904954790750277
"200",0.424069924770537,0.336800131503074,0.637160687179134,0.307876966033998,0.282762573153517,0.752738409542719,0.364024849297091,0.901132822527111,0.482985635820561,0.400394989713687
"201",0.363728926711944,0.42432925838136,0.733416268044394,0.671735702581099,0.593315285596696,0.894416462924489,0.823075034862428,0.879236003653745,0.504777680900389,0.465207441551755
"202",0.394511197278944,0.78777124596943,0.491238666037215,0.218335010404824,0.900071123613129,0.482771659495146,0.362900074671535,0.700609126640501,0.153730331288759,0.315527583040025
"203",0.658149731530753,0.514604065576912,0.711217772826091,0.545868380694896,0.343183770211509,0.949922661695963,0.749342423273725,0.826571844805619,0.447298860059689,0.590642885854989
"204",0.333814228437673,0.65023853647257,0.905141007054048,0.563221183168328,0.466046378855992,0.944893659012565,0.550071985238655,0.659777818105858,0.212209377606506,0.501526493373405
"205",0.522822226779377,0.829480240404503,0.489158108645408,0.307749402391049,0.376739316085297,0.920419238588303,0.449895357468401,0.772600307826634,0.586368232245071,0.368008425873116
"206",0.651719662531258,0.178122127568289,0.700979777796668,0.196621952535728,0.354297370014124,0.746766130394439,0.363620397920127,0.379190734217266,0.20198677472068,0.775797193053725
"207",0.570164771844807,0.829818833068112,0.702282982169142,0.269181897302006,0.269823253739722,0.956687016134549,0.326845100004789,0.558300081333558,0.393487316348582,0.904598912803679
"208",0.466580945267349,0.608828805933548,0.465226927479804,0.543281922472255,0.513664850167583,0.868642100163339,0.660328618763099,0.560552263275247,0.287387235784795,0.668100586199615
"209",0.283265569365171,0.915103866847817,0.730120926628485,0.946807257958206,0.699327049598847,0.86683473048764,0.651405179730846,0.869064203643982,0.391662632325918,0.417800246686388
"210",0.27987544400304,0.813766856116088,0.515234905291762,0.362823937806944,0.510147851029246,0.707916242787512,0.289117223390098,0.857249153614538,0.453310356511702,0.557175270624224
"211",0.282151134655735,0.396348935254104,0.410646555939627,0.593473281159491,0.247065691546914,0.661096470397513,0.791260109423312,0.613966194131022,0.144727584164757,0.37197570262606
"212",0.819136837124432,0.588244187671966,0.720991243620568,0.687743862414012,0.673251420692183,0.97680456340046,0.359573232528128,0.893425755727115,0.615481228208159,0.671603846562986
"213",0.252969399827801,0.564829501470924,0.652268134450647,0.484062483928728,0.194856104538982,0.965045439481539,0.476450705454562,0.497581800922051,0.217582031981719,0.612105549500743
"214",0.601818259816609,0.369306017308675,0.463700927160923,0.359398204137951,0.420279787335868,0.949676264810301,0.327933799405599,0.477524974199912,0.150849496292111,0.372004472493367
"215",0.699355360930965,0.552951951605612,0.637132299723921,0.659400205705905,0.370115440764229,0.692685239442137,0.72990525081889,0.444884401509285,0.838719004019814,0.796402485673502
"216",0.654617273720323,0.41645193111972,0.648925325583605,0.409524176403102,0.297951486819376,0.968722883388397,0.832090698208738,0.494293802853463,0.667577573575068,0.861580886491297
"217",0.444811634660244,0.552677247381069,0.347386145629481,0.211473561564292,0.382990901212861,0.966431983523797,0.331320012860949,0.430507202540743,0.549279324312082,0.555676417960083
"218",0.651224085077649,0.812545683421082,0.584490009082954,0.384455164631433,0.373264286139073,0.559240246965049,0.265550119536632,0.756902120536151,0.583073702834459,0.603565906049385
"219",0.997095062184033,0.336560312371307,0.482031992769458,0.575288766711888,0.279541271791807,0.574154261491732,0.67159163277565,0.604517661686642,0.255941473297721,0.366577632684575
"220",0.405012420241201,0.475943791760799,0.919358502101233,0.669921443996082,0.893374957561583,0.833170310435739,0.502574559746239,0.917187540905245,0.895699901616411,0.724040106586342
"221",0.738742579465717,0.453152709857064,0.553928174477877,0.466130974518364,0.164441183106878,0.811997917240776,0.317519204581741,0.75123574920623,0.228503397428618,0.813145578753435
"222",0.270752571811153,0.403833561567467,0.734112561151078,0.447006530133443,0.2125635083109,0.722859943001616,0.720665561619037,0.542984568721159,0.43869096336917,0.235739393918716
"223",0.463472422083337,0.450110558171631,0.446429140645736,0.507277694809129,0.30212116728337,0.493304474565662,0.645171032643205,0.565211950209701,0.445587052069417,0.334525523980565
"224",0.244292207868682,0.41524598949168,0.91733869657233,0.453361543044254,0.429532522664283,0.859118621988883,0.928466888013556,0.702291177130595,0.605701576034709,0.448218960997488
"225",0.670593861655886,0.474831422057905,0.464112769708797,0.198307588207429,0.385490576228313,0.839682623524239,0.242698806332837,0.697356263973874,0.52564801354473,0.312820362437714
"226",0.692055435071444,0.530790787915201,0.325621394204957,0.306287457970522,0.404008260874897,0.325759956582093,0.327828423538753,0.885534555223111,0.460041410554881,0.805058526942784
"227",0.414475622061801,0.73091739941153,0.775354884168942,0.824436744480559,0.473481742622228,0.731971462472323,0.617728052436481,0.861133399128622,0.695062739063552,0.643418339049533
"228",0.973146690585415,0.545381973097324,0.609783022229536,0.866216557978212,0.19746585737951,0.774245628740532,0.794199605607184,0.556778677916411,0.541846128446219,0.711360405277151
"229",0.198174939658521,0.483241785943443,0.780323456790678,0.287253072222442,0.566695835157896,0.754800138192558,0.270496597417749,0.616300858814015,0.295801524272821,0.460340821113796
"230",0.358737843781266,0.313542433471369,0.539815181706952,0.250306078105756,0.301412238892985,0.787299650329165,0.342169888485937,0.336870337146956,0.611654524182686,0.484948385138023
"231",0.224313368790676,0.516980708974327,0.780974609038207,0.284346344555006,0.145491739558765,0.740949266788444,0.266722247828026,0.52127486406134,0.438293844708849,0.438073043367975
"232",0.7079860497625,0.437738943720841,0.823030791053891,0.637616441771259,0.356574486497785,0.667253862308157,0.91792472384363,0.50897113155013,0.817535036955739,0.469021557254047
"233",0.426555986840135,0.64037104028096,0.46036138362136,0.345697653898387,0.303968358666601,0.652552778090285,0.358100569384614,0.755807706500183,0.243226707417251,0.3339525939067
"234",0.785936717346711,0.676337207829906,0.646296916767473,0.344693696901448,0.43289898330611,0.649694335797417,0.446752499003118,0.550876513252667,0.767033285591397,0.395952014058961
"235",0.265973173507726,0.556003889887109,0.322744684680994,0.277598532099944,0.217560127945549,0.652826094396518,0.327355606508918,0.561457434751348,0.146186508591095,0.334044684653484
"236",0.442240495573695,0.204898981945716,0.204648698058265,0.400619538318476,0.262312256221375,0.552681505662664,0.640514060006596,0.296523859247762,0.293142740537765,0.270137531885528
"237",0.249635401573111,0.720299948209373,0.504135403033255,0.209866719933823,0.345272087541918,0.595647451251015,0.749468741020802,0.533102500136083,0.122491833214177,0.270506689071342
"238",0.687220095714889,0.48977599360094,0.233471760001819,0.255837435583477,0.432131089440565,0.597262917878145,0.345114270567329,0.575062921447589,0.600462852612062,0.321717062285615
"239",0.417308679353372,0.650285819236466,0.59393853280202,0.882801097574568,0.235327333968693,0.993733749059029,0.480164406970298,0.702149776155969,0.268966621789296,0.974642634265979
"240",0.515382328270921,0.38614426495282,0.85513227152962,0.363646507966542,0.354798107913152,0.965605598366491,0.708099448549748,0.468127946947488,0.33857121426498,0.477399035835205
"241",0.704454206410016,0.27530919332748,0.47814009696253,0.416818471682431,0.483722081682318,0.735809863751551,0.625870224478544,0.547397744148111,0.670880779802492,0.658056051017922
"242",0.514244994211139,0.698910929657856,0.97125087438512,0.440857942642751,0.457485516925745,0.991918051903159,0.454542937375045,0.715266385227389,0.709877742752871,0.656196707931653
"243",0.609604634063144,0.465328270166992,0.598405112476052,0.422921231605505,0.602479611739816,0.908226696676478,0.482011841831779,0.694873498787695,0.63676857649324,0.390590595363372
"244",0.19995628063945,0.533562901147121,0.419300457507182,0.265410064326518,0.378838894148436,0.943372373583417,0.257924577206508,0.476549222145783,0.188167135147941,0.437951067621014
"245",0.368529047367749,0.345315586402501,0.563774812495936,0.408310974359698,0.578953627623318,0.817932260244198,0.440673790403469,0.419250636775077,0.349533062121052,0.558033189895936
"246",0.212210056922513,0.681052185208794,0.634696065261994,0.313008790581651,0.35562518714266,0.968934998911709,0.374875797826593,0.936119995550754,0.179403716142472,0.579033394126094
"247",0.743758903876665,0.816029068512233,0.398842899439052,0.629637413690086,0.69370513747845,0.87907732454464,0.909793625345367,0.897218703283755,0.62317440391097,0.375616333056392
"248",0.852145320218061,0.157880448908137,0.381451417667206,0.241855947110299,0.684183568463571,0.731726758949865,0.507932564568321,0.195883774476824,0.160126841746235,0.559814158146287
"249",0.904754900210229,0.594211862749207,0.843284739893717,0.778879718939403,0.163184159259513,0.957477728837017,0.572837505758628,0.35684970991425,0.403310334545223,0.280675155867116
"250",0.415701829264355,0.562321789689755,0.762383496070978,0.166268792870439,0.539616503373442,0.918676708764902,0.225359315034061,0.391548463271141,0.249288722595191,0.461536784776462
"251",0.819142954973767,0.268164421785078,0.510014917499142,0.342204578779711,0.34730801542544,0.680881201245004,0.763821209301113,0.52665299917679,0.526344129790941,0.63657940262299
"252",0.696963760514327,0.446464241654853,0.475201379065924,0.228056914851137,0.890829780440164,0.597526380252897,0.315911242033648,0.585027458947464,0.777928395228595,0.678325416461692
"253",0.452245102739047,0.671787523182223,0.66666860601849,0.137226201372175,0.551986713800873,0.928934339732448,0.257044360502537,0.905354274512959,0.439382387123112,0.459277838097094
